Name,Tm,G,PA,AB,R,H,2B,3B,HR,RBI,SB,CS,BB,SO,GDP,HBP,SH,SF,IBB
CJ Abrams*,WSN,151,614,563,83,138,28,6,18,64,47,4,32,118,7,13,3,3,2
José Abreu,HOU,141,594,540,62,128,23,1,18,90,0,1,42,130,16,6,0,6,1
Wilyer Abreu*,BOS,28,85,76,10,24,6,0,2,14,3,1,9,23,0,0,0,0,0
Ronald Acuna Jr.,ATL,159,735,643,149,217,35,4,41,106,73,14,80,84,15,9,0,3,3
Willy Adames,MIL,149,638,553,73,120,29,2,24,80,5,3,71,165,12,6,0,6,1
Jordyn Adams,LAA,17,40,39,1,5,0,0,0,1,1,2,0,16,0,0,0,1,0
Riley Adams,WSN,44,158,143,8,39,13,2,4,21,0,0,11,45,5,2,1,1,0
Ty Adcock,SEA,1,0,0,0,0,0,0,0,0,0,0,0,0,0,0,0,0,0
Jo Adell,LAA,17,62,58,7,12,3,1,3,6,1,0,4,25,1,0,0,0,0
Ehire Adrianza#,ATL,5,11,10,0,0,0,0,0,0,0,0,1,4,0,0,0,0,0
Jesús Aguilar,OAK,36,115,104,8,23,2,0,5,9,0,0,8,31,3,1,0,1,2
Nick Ahmed,ARI,72,210,198,14,42,10,1,2,17,5,1,12,52,0,0,0,0,0
Hanser Alberto,CHW,30,90,82,11,18,5,0,3,16,0,0,4,13,1,1,2,1,0
Ozzie Albies#,ATL,148,660,596,96,167,30,5,33,109,13,1,46,107,9,8,0,8,2
Scott Alexander*,SFG,1,0,0,0,0,0,0,0,0,0,0,0,0,0,0,0,0,0
Jorge Alfaro,TOT,18,52,48,2,7,4,0,1,4,0,0,2,15,3,2,0,0,0
Jorge Alfaro,COL,10,32,31,2,5,4,0,1,4,0,0,0,12,2,1,0,0,0
Jorge Alfaro,BOS,8,20,17,0,2,0,0,0,0,0,0,2,3,1,1,0,0,0
Greg Allen#,NYY,22,28,23,6,5,1,1,1,1,3,1,2,10,0,2,1,0,0
Nick Allen,OAK,106,329,303,29,67,4,2,4,20,5,1,17,52,8,1,6,2,0
Abraham Almonte#,NYM,8,16,15,1,1,1,0,0,0,0,0,1,8,0,0,0,0,0
Pete Alonso,NYM,154,658,568,92,123,21,2,46,118,4,1,65,151,17,21,0,4,6
José Altuve,HOU,90,410,360,76,112,21,2,17,51,14,2,44,71,9,5,0,1,0
Jake Alu*,WSN,51,175,159,14,36,2,1,2,16,5,1,10,42,2,3,1,2,0
Francisco Álvarez,NYM,123,423,382,51,80,12,0,25,63,2,0,34,110,14,6,0,1,0
Yordan Álvarez*,HOU,114,496,410,77,120,24,1,31,97,0,0,69,92,7,13,0,4,5
Jacob Amaya,MIA,4,9,9,1,2,0,0,0,2,1,0,0,1,0,0,0,0,0
Miguel Amaya,CHC,53,156,131,17,28,4,0,5,18,0,0,12,40,2,11,1,1,0
Brian Anderson,MIL,96,361,318,38,72,12,3,9,40,1,3,36,108,10,4,0,3,0
Tim Anderson,CHW,123,524,493,52,121,18,2,1,25,13,2,26,122,15,3,0,2,0
Elvis Andrus,CHW,112,406,374,39,94,20,1,6,44,12,4,25,71,11,4,1,2,1
Miguel Andújar,PIT,30,90,84,9,21,7,0,4,18,2,0,6,13,1,0,0,0,0
Jonathan Aranda*,TBR,34,103,87,13,20,4,1,2,13,0,0,13,31,1,2,0,1,1
Jonathan Araúz#,NYM,27,66,59,3,8,0,0,3,9,0,0,5,18,1,0,2,0,0
Orlando Arcia,ATL,139,533,488,66,129,25,0,17,65,1,0,39,102,14,3,0,3,0
Nolan Arenado,STL,144,612,560,71,149,26,2,26,93,3,3,41,101,21,3,0,8,5
Gabriel Arias,CLE,122,345,315,36,66,15,0,10,26,3,4,28,113,9,1,0,1,0
Randy Arozarena,TBR,151,654,551,95,140,19,3,23,83,22,10,80,156,10,18,0,5,1
Luis Arráez*,MIA,147,617,574,71,203,30,3,10,69,3,2,35,34,18,4,1,3,10
Christian Arroyo,BOS,66,206,195,23,47,16,0,3,24,1,3,7,45,8,1,1,2,0
José Azocar,SDP,55,102,91,16,21,6,0,2,9,8,2,4,24,2,2,5,0,0
Akil Baddoo*,DET,112,357,312,40,68,13,1,11,34,14,3,42,89,4,0,2,1,2
Harrison Bader,TOT,98,344,319,44,74,12,2,7,40,20,3,17,59,7,3,1,4,0
Harrison Bader,NYY,84,310,288,40,69,11,2,7,37,17,2,14,56,6,3,1,4,0
Harrison Bader,CIN,14,34,31,4,5,1,0,0,3,3,1,3,3,1,0,0,0,0
Ji Hwan Bae*,PIT,111,371,334,54,77,17,2,2,32,24,9,30,92,4,2,3,2,0
Javier Báez,DET,136,547,510,58,113,18,4,9,59,12,0,24,125,12,9,0,3,0
Patrick Bailey#,SFG,97,353,326,29,76,18,1,7,48,1,0,21,100,8,3,2,1,0
Bryan Baker,BAL,2,0,0,0,0,0,0,0,0,0,0,0,0,0,0,0,0,0
Luken Baker,STL,33,99,86,9,18,3,0,2,10,0,0,13,31,1,0,0,0,0
Rylan Bannon,HOU,2,6,6,0,0,0,0,0,0,0,0,0,3,0,0,0,0,0
Scott Barlow,TOT,1,0,0,0,0,0,0,0,0,0,0,0,0,0,0,0,0,0
Scott Barlow,KCR,1,0,0,0,0,0,0,0,0,0,0,0,0,0,0,0,0,0
Austin Barnes,LAD,59,200,178,15,32,5,0,2,11,2,1,17,43,7,2,1,2,0
Tucker Barnhart*,CHC,43,123,109,6,22,3,0,1,9,1,0,12,42,4,1,0,1,0
Tres Barrera,STL,6,2,2,0,0,0,0,0,0,0,0,0,0,0,0,0,0,0
José Barrero,CIN,46,149,133,15,29,8,0,2,17,3,2,15,44,1,0,0,1,0
Joey Bart,SFG,30,95,87,9,18,5,0,0,5,0,0,3,23,0,4,0,1,0
Osleivis Basabe,TBR,31,94,87,15,19,5,0,1,12,0,1,6,25,2,1,0,0,0
Matthew Batten,SDP,43,139,120,19,31,6,0,2,11,2,2,17,30,0,1,1,0,0
Brett Baty*,NYM,108,389,353,41,75,12,0,9,34,2,0,29,109,8,2,1,1,0
Jake Bauers*,NYY,84,272,242,28,49,15,0,12,30,3,2,27,95,3,0,0,3,0
Mike Baumann,BAL,1,0,0,0,0,0,0,0,0,0,0,0,0,0,0,0,0,0
Matt Beaty*,TOT,30,72,61,8,14,4,0,0,4,0,0,6,14,1,5,0,0,0
Matt Beaty*,SFG,4,5,5,1,1,0,0,0,1,0,0,0,2,0,0,0,0,0
Matt Beaty*,KCR,26,67,56,7,13,4,0,0,3,0,0,6,12,1,5,0,0,0
Josh Bell#,TOT,150,617,547,52,135,28,0,22,74,0,1,63,134,13,2,0,3,2
Josh Bell#,CLE,97,393,347,26,81,19,0,11,48,0,1,43,81,7,1,0,2,1
Josh Bell#,MIA,53,224,200,26,54,9,0,11,26,0,0,20,53,6,1,0,1,1
Cody Bellinger*,CHC,130,556,499,95,153,29,1,26,97,20,6,40,87,7,5,0,12,3
Brandon Belt*,TOR,103,404,339,53,86,23,0,19,43,0,0,61,141,5,2,0,2,1
Anthony Bemboom*,BAL,6,13,11,0,2,0,0,0,0,0,0,2,2,0,0,0,0,0
Andrew Benintendi*,CHW,151,621,562,72,147,34,2,5,45,13,2,52,89,12,3,1,3,5
Will Benson*,CIN,108,329,287,51,79,15,8,11,31,19,3,40,103,3,1,0,1,0
José Berríos,TOR,1,0,0,0,0,0,0,0,0,0,0,0,0,0,0,0,0,0
Jon Berti,MIA,133,424,388,53,114,16,3,7,33,16,6,29,77,10,2,2,3,2
Christian Bethancourt,TBR,104,332,315,49,71,16,0,11,33,1,0,13,91,6,0,1,3,0
Mookie Betts,LAD,152,693,584,126,179,40,1,39,107,14,3,96,107,5,8,0,5,3
Bo Bichette,TOR,135,601,571,69,175,30,3,20,73,5,3,27,115,14,2,0,1,0
Cavan Biggio*,TOR,111,338,289,54,68,12,0,9,40,5,2,40,88,0,7,0,2,0
Charlie Blackmon*,COL,96,413,359,57,100,24,5,8,40,4,1,39,55,6,11,0,4,0
Dairon Blanco,KCR,69,138,124,19,32,7,4,3,18,24,5,10,33,2,2,2,0,0
Travis Blankenhorn*,WSN,10,37,31,2,5,0,0,1,1,0,0,6,6,0,0,0,0,0
JJ Bleday*,OAK,82,303,256,35,50,11,0,10,27,5,1,42,72,3,2,0,3,0
Xander Bogaerts,SDP,155,665,596,83,170,31,2,19,58,19,2,56,110,21,7,0,6,0
Alec Bohm,PHI,145,611,558,74,153,31,0,20,97,4,1,42,94,23,5,0,6,1
Sean Bouchard,COL,21,43,38,11,12,2,0,4,7,0,1,4,14,0,0,0,1,0
Jackie Bradley Jr.*,KCR,43,113,105,10,14,5,0,1,6,0,0,5,29,3,2,1,0,0
Michael Brantley*,HOU,15,57,54,7,15,2,0,2,7,0,0,2,2,2,0,0,1,0
Matt Brash,SEA,1,0,0,0,0,0,0,0,0,0,0,0,0,0,0,0,0,0
Ryan Brasier,TOT,1,0,0,0,0,0,0,0,0,0,0,0,0,0,0,0,0,0
Ryan Brasier,LAD,1,0,0,0,0,0,0,0,0,0,0,0,0,0,0,0,0,0
Alex Bregman,HOU,161,724,622,103,163,28,4,25,98,3,1,92,87,22,8,0,2,1
Will Brennan*,CLE,138,455,432,41,115,24,0,5,41,13,5,16,57,4,5,0,2,2
Jonah Bride,OAK,40,106,88,9,15,3,0,0,7,0,1,11,22,3,4,1,2,0
Mike Brosseau,MIL,29,78,73,4,15,2,0,4,8,0,0,4,20,2,1,0,0,0
Seth Brown*,OAK,112,378,343,33,76,19,1,14,52,3,1,30,101,6,2,1,2,1
Vidal Bruján#,TBR,37,84,76,14,13,2,0,0,6,3,2,5,21,1,2,1,0,0
Kris Bryant,COL,80,335,300,36,70,10,0,10,31,0,0,29,68,6,6,0,0,0
J.B. Bukauskas,TOT,1,0,0,0,0,0,0,0,0,0,0,0,0,0,0,0,0,0
J.B. Bukauskas,SEA,1,0,0,0,0,0,0,0,0,0,0,0,0,0,0,0,0,0
Aaron Bummer*,CHW,1,0,0,0,0,0,0,0,0,0,0,0,0,0,0,0,0,0
Peyton Burdick,MIA,14,37,33,4,6,2,0,1,2,1,0,3,18,0,1,0,0,0
Jake Burger,TOT,141,540,492,71,123,28,1,34,80,1,1,32,149,4,12,0,4,0
Jake Burger,CHW,88,323,294,44,63,15,1,25,52,1,1,22,102,3,5,0,2,0
Jake Burger,MIA,53,217,198,27,60,13,0,9,28,0,0,10,47,1,7,0,2,0
Alec Burleson*,STL,107,347,315,34,77,20,1,8,36,3,1,23,45,13,3,1,2,0
Michael Busch*,LAD,27,81,72,9,12,3,0,2,7,1,0,8,27,0,0,0,1,0
Lawrence Butler*,OAK,42,129,123,10,26,4,0,4,10,0,0,4,35,5,1,0,1,0
Byron Buxton,MIN,85,347,304,49,63,17,1,17,42,9,0,35,109,3,4,0,4,2
José Caballero,SEA,104,280,231,37,51,9,1,4,26,26,3,28,66,0,17,0,4,0
Trey Cabbage*,LAA,22,56,53,5,11,3,0,1,7,1,1,2,26,1,0,0,1,0
Génesis Cabrera*,TOT,2,0,0,0,0,0,0,0,0,0,0,0,0,0,0,0,0,0
Génesis Cabrera*,STL,2,0,0,0,0,0,0,0,0,0,0,0,0,0,0,0,0,0
Miguel Cabrera,DET,98,370,334,21,86,20,0,4,34,0,0,31,74,11,2,0,3,0
Oswaldo Cabrera#,NYY,115,330,298,35,63,11,0,5,29,8,0,25,72,6,2,3,2,1
Kole Calhoun*,CLE,43,174,157,18,34,7,0,6,25,0,1,13,37,3,2,0,2,0
Willie Calhoun*,NYY,44,149,134,16,32,7,0,5,16,0,0,14,20,2,0,0,1,1
Alex Call,WSN,128,439,375,43,75,14,1,8,38,9,8,53,78,1,6,3,2,0
Johan Camargo#,SFG,8,20,18,0,4,0,0,0,2,0,0,1,4,2,1,0,0,0
Junior Caminero,TBR,7,36,34,4,8,1,0,1,7,0,0,2,8,2,0,0,0,0
Luis Campusano,SDP,49,174,163,27,52,7,0,7,30,0,0,7,21,8,3,0,1,0
Alexander Canario,CHC,6,17,17,1,5,1,1,1,6,0,0,0,8,0,0,0,0,0
Jeimer Candelario#,TOT,140,576,505,77,127,39,3,22,70,8,1,53,127,11,13,0,4,1
Jeimer Candelario#,WSN,99,419,368,57,95,30,2,16,53,6,1,36,88,10,12,0,2,1
Jeimer Candelario#,CHC,41,157,137,20,32,9,1,6,17,2,0,17,39,1,1,0,2,0
Mark Canha,TOT,139,507,435,51,114,25,1,11,62,11,1,49,79,11,17,0,6,1
Mark Canha,NYM,89,303,257,28,63,15,1,6,29,7,0,32,52,8,9,0,5,0
Mark Canha,MIL,50,204,178,23,51,10,0,5,33,4,1,17,27,3,8,0,1,1
Yennier Cano,BAL,3,0,0,0,0,0,0,0,0,0,0,0,0,0,0,0,0,0
Dominic Canzone*,TOT,59,182,173,23,38,13,0,6,21,1,0,8,32,5,1,0,0,0
Dominic Canzone*,ARI,15,41,38,4,9,2,0,1,8,0,0,2,8,1,1,0,0,0
Dominic Canzone*,SEA,44,141,135,19,29,11,0,5,13,1,0,6,24,4,0,0,0,0
Conner Capel*,OAK,32,86,73,6,19,5,0,0,3,5,3,12,25,1,1,0,0,0
Vinny Capra,PIT,9,21,18,3,3,1,0,0,1,0,0,2,5,0,0,1,0,0
Víctor Caratini#,MIL,62,226,201,23,52,4,0,7,25,1,1,19,45,8,3,0,3,0
Dylan Carlson#,STL,76,255,219,27,48,8,1,5,27,3,0,26,49,4,7,0,3,0
Kerry Carpenter*,DET,118,459,418,57,116,17,2,20,64,6,0,32,115,5,8,0,1,3
Matt Carpenter*,SDP,76,237,188,18,33,12,0,5,31,1,0,41,67,2,2,0,5,0
Corbin Carroll*,ARI,155,645,565,116,161,30,10,25,76,54,5,57,125,7,13,6,4,1
Evan Carter*,TEX,23,75,62,15,19,4,1,5,12,3,0,12,24,1,0,0,1,1
Curt Casali,CIN,40,96,80,8,14,2,0,0,6,0,0,11,23,1,2,3,0,0
Triston Casas*,BOS,132,502,429,66,113,21,2,24,65,0,0,70,126,7,1,0,2,2
Nick Castellanos,PHI,157,671,626,79,170,37,2,29,106,11,2,36,185,17,3,0,6,0
Diego Castillo,ARI,1,1,1,0,0,0,0,0,0,0,0,0,0,0,0,0,0,0
Harold Castro*,COL,99,270,258,24,65,13,0,1,31,1,0,9,66,5,0,1,2,0
Miguel Castro,ARI,2,0,0,0,0,0,0,0,0,0,0,0,0,0,0,0,0,0
Rodolfo Castro#,TOT,92,256,227,21,48,7,0,6,24,1,4,23,74,4,5,0,1,1
Rodolfo Castro#,PIT,78,224,197,19,45,7,0,6,22,1,4,21,62,4,5,0,1,1
Rodolfo Castro#,PHI,14,32,30,2,3,0,0,0,2,0,0,2,12,0,0,0,0,0
Willi Castro#,MIN,124,409,358,60,92,18,5,9,34,33,5,34,99,5,12,2,3,1
Jake Cave*,PHI,65,203,184,18,39,8,1,5,21,3,0,15,55,3,1,1,2,0
Andrew Chafin,TOT,3,0,0,0,0,0,0,0,0,0,0,0,0,0,0,0,0,0
Andrew Chafin,ARI,3,0,0,0,0,0,0,0,0,0,0,0,0,0,0,0,0,0
Yu Chang,BOS,39,112,105,12,17,2,0,6,18,4,0,3,34,2,2,2,0,0
Aroldis Chapman*,TOT,1,0,0,0,0,0,0,0,0,0,0,0,0,0,0,0,0,0
Aroldis Chapman*,KCR,1,0,0,0,0,0,0,0,0,0,0,0,0,0,0,0,0,0
Matt Chapman,TOR,140,581,509,66,122,39,2,17,54,4,2,62,165,4,8,0,2,1
Michael Chavis,WSN,48,96,91,16,22,3,0,2,5,1,0,5,33,3,0,0,0,0
Jazz Chisholm Jr.*,MIA,97,383,352,50,88,12,2,19,51,22,3,26,118,4,2,1,2,0
Ji Man Choi*,TOT,39,117,104,12,17,5,0,6,13,0,0,10,35,2,1,0,2,0
Ji Man Choi*,PIT,23,76,73,9,15,4,0,6,11,0,0,2,27,1,0,0,1,0
Ji Man Choi*,SDP,16,41,31,3,2,1,0,0,2,0,0,8,8,1,1,0,1,0
Taylor Clarke,KCR,1,0,0,0,0,0,0,0,0,0,0,0,0,0,0,0,0,0
Kody Clemens*,PHI,47,148,139,15,32,7,0,4,13,0,0,8,40,1,1,0,0,0
Ernie Clement,TOR,29,52,50,7,19,1,1,1,10,1,0,1,4,0,0,0,1,0
Oscar Colás*,CHW,75,263,245,32,53,9,0,5,19,4,3,12,71,5,2,2,2,1
Dylan Coleman,KCR,2,0,0,0,0,0,0,0,0,0,0,0,0,0,0,0,0,0
Zack Collins*,CLE,2,6,4,0,2,0,0,0,0,0,0,2,2,0,0,0,0,0
Michael Conforto*,SFG,125,470,406,58,97,14,0,15,58,4,0,53,106,12,7,0,4,4
William Contreras,MIL,141,611,540,86,156,38,1,17,78,6,1,63,126,23,5,1,2,2
Willson Contreras,STL,125,495,428,55,113,27,0,20,67,6,3,51,111,12,13,1,2,0
Garrett Cooper,TOT,123,457,422,42,106,18,1,17,61,0,0,31,132,15,2,0,2,0
Garrett Cooper,MIA,82,324,305,28,78,11,1,13,46,0,0,17,97,9,1,0,1,0
Garrett Cooper,SDP,41,133,117,14,28,7,0,4,15,0,0,14,35,6,1,0,1,0
Franchy Cordero*,NYY,24,71,69,9,13,2,0,6,13,0,0,2,25,0,0,0,0,0
Carlos Correa,MIN,135,580,514,60,118,29,2,18,65,0,0,59,131,30,4,0,3,3
Danny Coulombe*,BAL,2,0,0,0,0,0,0,0,0,0,0,0,0,0,0,0,0,0
Colton Cowser*,BAL,26,77,61,15,7,2,0,0,4,1,0,13,22,1,2,0,1,0
Austin Cox*,KCR,1,0,0,0,0,0,0,0,0,0,0,0,0,0,0,0,0,0
Brandon Crawford*,SFG,93,320,283,31,55,11,1,7,38,3,0,28,81,5,4,1,4,1
J.P. Crawford*,SEA,145,638,534,94,142,35,0,19,65,2,0,94,125,7,5,3,2,1
Kutter Crawford,BOS,1,0,0,1,0,0,0,0,0,0,0,0,0,0,0,0,0,0
C.J. Cron,TOT,71,278,258,38,64,12,0,12,37,0,0,17,65,13,1,0,2,0
C.J. Cron,COL,56,224,208,31,54,12,0,11,32,0,0,13,50,10,1,0,2,0
C.J. Cron,LAA,15,54,50,7,10,0,0,1,5,0,0,4,15,3,0,0,0,0
Jake Cronenworth*,SDP,127,522,458,54,105,24,7,10,48,6,1,46,97,8,11,1,5,2
Tyler Cropley,KCR,2,7,6,0,1,0,0,0,1,0,0,0,2,0,0,0,1,0
Pete Crow-Armstrong*,CHC,13,19,14,3,0,0,0,0,1,2,2,3,7,0,0,2,0,0
Nelson Cruz,SDP,49,152,143,9,35,5,1,5,23,1,0,6,46,2,2,0,1,1
Oneil Cruz*,PIT,9,40,32,7,8,1,0,1,4,3,0,7,8,0,0,0,1,0
Charlie Culberson,ATL,1,1,1,0,1,0,0,0,0,0,0,0,0,0,0,0,0,0
Travis d'Arnaud,ATL,74,292,267,31,60,13,0,11,39,0,0,21,67,6,3,0,1,0
David Dahl*,SDP,4,9,9,1,1,0,0,1,1,0,0,0,2,0,0,0,0,0
Bobby Dalbec,BOS,21,53,49,6,10,2,0,1,1,1,0,4,28,0,0,0,0,0
Henry Davis,PIT,62,255,225,27,48,10,0,7,24,3,5,25,69,3,4,0,1,2
J.D. Davis,SFG,144,546,480,61,119,23,1,18,69,1,0,52,152,16,6,0,6,0
Jonathan Davis,MIA,34,104,90,22,22,4,1,2,10,1,2,7,29,1,2,2,2,0
Yonathan Daza,COL,24,80,74,8,20,6,0,0,7,1,0,3,13,5,1,1,1,0
Bryan De La Cruz,MIA,153,626,579,60,149,32,0,19,78,4,1,40,142,18,1,0,5,0
Elly De La Cruz#,CIN,98,427,388,67,91,15,7,13,44,35,8,35,144,6,2,1,1,3
Paul DeJong,TOT,112,400,372,41,77,13,0,14,38,4,4,21,121,10,5,0,2,0
Paul DeJong,TOT,99,356,328,40,74,13,0,14,37,4,4,21,103,9,5,0,2,0
Paul DeJong,STL,81,306,279,38,65,11,0,13,32,4,4,21,87,8,5,0,1,0
Paul DeJong,TOR,13,44,44,1,3,0,0,0,1,0,0,0,18,1,0,0,0,0
Paul DeJong,SFG,18,50,49,2,9,2,0,1,5,0,0,0,16,1,0,0,1,0
Jason Delay,PIT,70,187,167,20,42,11,1,1,18,0,0,14,44,5,3,2,1,0
Jonny DeLuca,LAD,24,45,42,5,11,1,0,2,6,1,0,3,8,0,0,0,0,0
Rafael Devers*,BOS,153,656,580,90,157,34,0,33,100,5,1,62,126,15,11,0,3,10
Aledmys Díaz,OAK,109,344,315,25,72,20,1,4,24,1,0,17,66,14,7,1,4,2
Alexis Díaz,CIN,3,0,0,0,0,0,0,0,0,0,0,0,0,0,0,0,0,0
Elías Díaz,COL,141,526,486,48,130,25,1,14,72,1,0,34,118,12,2,0,4,0
Isan Díaz*,TOT,8,26,24,0,1,0,0,0,1,0,0,2,9,0,0,0,0,0
Isan Díaz*,SFG,6,21,19,0,1,0,0,0,1,0,0,2,7,0,0,0,0,0
Isan Díaz*,DET,2,5,5,0,0,0,0,0,0,0,0,0,2,0,0,0,0,0
Jordan Diaz,OAK,90,293,272,20,60,9,0,10,27,0,1,17,69,10,3,0,1,0
Yainer Diaz,HOU,104,377,355,51,100,22,0,23,60,0,0,11,74,12,5,0,6,0
Yandy Díaz,TBR,137,600,525,95,173,35,0,22,78,0,1,65,94,16,8,0,2,0
Corey Dickerson*,WSN,50,152,144,12,36,7,1,2,17,0,1,7,28,3,0,0,1,0
Brandon Dixon,SDP,33,86,79,10,16,4,0,2,9,1,0,1,31,1,4,0,2,0
Jasson Domínguez#,NYY,8,33,31,6,8,1,0,4,7,1,0,2,8,1,0,0,0,0
Josh Donaldson,TOT,50,189,165,18,25,5,0,13,26,0,0,22,50,6,0,0,2,0
Josh Donaldson,NYY,33,120,106,13,15,1,0,10,15,0,0,12,32,2,0,0,2,0
Josh Donaldson,MIL,17,69,59,5,10,4,0,3,11,0,0,10,18,4,0,0,0,0
Brendan Donovan*,STL,95,371,327,48,93,10,1,11,34,5,1,33,53,4,9,1,1,2
Camilo Doval,SFG,2,0,0,0,0,0,0,0,0,0,0,0,0,0,0,0,0,0
Jeter Downs,WSN,6,9,5,4,2,0,0,0,1,2,0,4,1,0,0,0,0,0
Brenton Doyle,COL,126,431,399,48,81,16,5,10,48,22,5,22,151,9,4,3,3,0
Hunter Dozier,KCR,29,91,82,8,15,2,1,2,9,2,0,8,29,0,0,0,1,0
Brandon Drury,LAA,125,523,485,61,127,30,3,26,83,0,2,25,136,14,8,0,5,0
Daniel Duarte,CIN,2,0,0,0,0,0,0,0,0,0,0,0,0,0,0,0,0,0
Mauricio Dubón,HOU,132,492,467,76,130,26,3,10,46,7,2,19,70,10,3,0,3,0
Matt Duffy,KCR,78,209,191,17,48,8,0,2,16,1,0,12,39,4,4,0,2,0
Ezequiel Duran,TEX,122,439,406,55,112,22,2,14,46,8,4,23,120,7,7,1,2,1
Jarren Duran*,BOS,102,362,332,46,98,34,2,8,40,24,2,24,90,3,3,0,2,1
Adam Duvall,BOS,92,353,320,45,79,24,2,21,58,4,0,22,110,0,6,0,5,1
Nate Eaton,KCR,28,56,53,2,4,0,0,0,1,3,0,2,21,0,1,0,0,0
Cam Eden,TOR,5,6,6,1,1,0,0,0,0,0,0,0,2,0,0,0,0,0
Tommy Edman#,STL,137,528,479,69,119,25,4,13,47,27,4,35,84,9,7,3,4,1
Xavier Edwards#,MIA,30,84,78,12,23,3,0,0,3,5,0,3,14,1,1,2,0,0
Drew Ellis,PHI,12,29,23,4,5,0,0,2,4,0,1,6,7,0,0,0,0,0
Christian Encarnacion-Strand,CIN,63,241,222,29,60,7,0,13,37,2,0,14,69,5,5,0,0,0
Adam Engel,SDP,5,6,6,0,0,0,0,0,0,0,1,0,2,0,0,0,0,0
Eduardo Escobar#,TOT,99,309,288,32,65,6,5,6,31,2,1,18,78,7,0,1,2,0
Eduardo Escobar#,NYM,40,120,110,15,26,3,2,4,16,2,0,8,24,4,0,1,1,0
Eduardo Escobar#,LAA,59,189,178,17,39,3,3,2,15,0,1,10,54,3,0,0,1,0
Santiago Espinal,TOR,93,254,230,30,57,14,0,2,25,2,1,18,36,5,3,2,1,1
Thairo Estrada,SFG,120,530,495,63,134,26,2,14,49,23,7,22,120,10,11,0,2,1
Stuart Fairchild,CIN,97,255,219,34,50,16,2,5,28,10,3,25,69,2,6,3,2,0
Buck Farmer*,CIN,1,0,0,0,0,0,0,0,0,0,0,0,0,0,0,0,0,0
Kyle Farmer,MIN,120,369,336,49,86,14,2,11,46,2,4,23,86,7,8,0,2,0
Caleb Ferguson,LAD,2,0,0,0,0,0,0,0,0,0,0,0,0,0,0,0,0,0
Freddy Fermin,KCR,70,235,217,26,61,10,1,9,32,0,0,13,50,11,1,1,3,0
José Fermín,STL,21,61,51,2,12,1,0,0,4,0,1,6,8,1,2,2,0,0
Tyler Fitzgerald,SFG,10,34,32,3,7,2,0,2,5,2,0,2,10,0,0,0,0,0
David Fletcher,LAA,33,97,89,7,22,1,0,2,12,0,0,7,9,2,0,1,0,1
Dominic Fletcher*,ARI,28,102,93,10,28,5,1,2,14,0,2,7,22,0,0,2,0,1
Wilmer Flores,SFG,126,454,405,51,115,22,0,23,60,0,0,41,63,13,5,0,3,1
Estevan Florial*,NYY,19,71,61,5,14,3,1,0,8,3,0,7,20,0,2,0,1,0
Mike Ford*,SEA,83,251,219,32,50,6,0,16,34,0,0,24,81,4,7,0,1,0
Nick Fortes,MIA,108,323,294,33,60,10,0,6,26,4,2,17,59,12,7,3,2,0
Jake Fraley*,CIN,111,380,336,41,86,18,0,15,65,21,5,37,71,5,6,0,1,2
Ty France,SEA,158,665,587,79,147,32,0,12,58,1,0,43,117,25,34,0,1,0
Wander Franco#,TBR,112,491,442,65,124,23,6,17,58,30,10,42,69,18,3,0,4,3
Adam Frazier*,BAL,141,455,412,59,99,21,2,13,60,11,4,32,68,4,4,4,2,0
Clint Frazier,CHW,33,76,66,10,13,1,1,0,3,4,2,10,23,0,0,0,0,0
Freddie Freeman*,LAD,161,730,637,131,211,59,2,29,102,23,1,72,121,14,16,0,5,12
Tyler Freeman,CLE,64,168,153,20,37,7,0,4,18,5,0,10,30,3,2,2,1,0
Sal Frelick*,MIL,57,223,191,29,47,9,1,3,24,7,0,28,37,2,1,0,3,0
Luis Frías,ARI,1,0,0,0,0,0,0,0,0,0,0,0,0,0,0,0,0,0
TJ Friedl*,CIN,138,556,488,73,136,22,8,18,66,27,6,47,90,0,10,8,3,1
David Fry,CLE,57,113,101,12,24,6,0,4,15,2,0,8,30,3,4,0,0,0
Shintaro Fujinami,TOT,1,0,0,0,0,0,0,0,0,0,0,0,0,0,0,0,0,0
Shintaro Fujinami,BAL,1,0,0,0,0,0,0,0,0,0,0,0,0,0,0,0,0,0
Michael Fulmer,CHC,2,1,1,0,0,0,0,0,0,0,0,0,1,0,0,0,0,0
Cam Gallagher,CLE,56,149,143,6,18,6,0,0,7,0,0,4,46,3,1,0,1,0
Joey Gallo*,MIN,111,332,282,39,50,9,1,21,40,1,1,48,142,3,2,0,0,1
Ben Gamel*,SDP,6,15,15,2,3,1,0,0,2,0,0,0,2,0,0,0,0,0
Adolis García,TEX,148,632,555,108,136,29,0,39,107,9,1,65,175,12,6,0,6,0
Avisaíl García,MIA,37,118,108,8,20,3,1,3,12,2,0,6,39,1,2,0,0,1
Luis García Jr.*,WSN,122,482,447,61,119,18,4,9,50,9,4,27,60,10,0,1,7,1
Maikel García,KCR,123,515,464,59,126,20,4,4,50,23,7,38,115,9,2,1,10,0
Kyle Garlick,MIN,14,30,28,2,5,1,0,2,4,0,0,2,11,0,0,0,0,0
Stone Garrett,WSN,89,271,234,40,63,17,0,9,40,3,1,26,82,6,3,0,5,0
Mitch Garver,TEX,87,344,296,45,80,11,0,19,50,0,0,44,82,6,3,0,0,1
Zack Gelof,OAK,69,300,270,40,72,20,1,14,32,14,2,26,82,5,3,0,1,1
Ian Gibaut,CIN,1,0,0,0,0,0,0,0,0,0,0,0,0,0,0,0,0,0
Kyle Gibson,BAL,1,0,0,0,0,0,0,0,0,0,0,0,0,0,0,0,0,0
Logan Gillaspie,BAL,1,0,0,0,0,0,0,0,0,0,0,0,0,0,0,0,0,0
Andrés Giménez*,CLE,153,616,557,76,140,27,5,15,62,30,6,32,112,10,20,4,3,3
Kevin Ginkel*,ARI,1,0,0,0,0,0,0,0,0,0,0,0,0,0,0,0,0,0
Paul Goldschmidt,STL,154,687,593,89,159,31,0,25,80,11,2,87,161,12,3,0,3,6
Yan Gomes,CHC,116,419,382,44,102,20,2,10,63,1,0,21,81,9,9,0,7,1
Nick Gonzales,PIT,35,128,115,12,24,8,1,2,13,0,1,6,36,0,4,1,2,0
Oscar González,CLE,54,180,173,15,37,7,2,2,12,0,0,5,46,2,1,0,1,0
Romy Gonzalez,CHW,44,97,93,11,18,4,2,3,14,7,0,2,36,0,0,1,1,0
Victor González*,LAD,2,0,0,0,0,0,0,0,0,0,0,0,0,0,0,0,0,0
Hunter Goodman,COL,23,77,70,6,14,4,3,1,17,1,0,5,24,2,0,0,2,0
Nick Gordon*,MIN,34,93,91,13,16,5,1,2,7,0,0,1,11,1,0,1,0,0
Nolan Gorman*,STL,119,464,406,59,96,17,0,27,76,7,2,53,148,5,3,0,2,1
Yasmani Grandal#,CHW,118,405,363,33,85,14,0,8,33,0,0,36,86,11,4,0,2,1
Brusdar Graterol,LAD,1,0,0,0,0,0,0,0,0,0,0,0,0,0,0,0,0,0
Kendall Graveman,TOT,1,0,0,0,0,0,0,0,0,0,0,0,0,0,0,0,0,0
Kendall Graveman,HOU,1,0,0,0,0,0,0,0,0,0,0,0,0,0,0,0,0,0
Jon Gray,TEX,1,0,0,0,0,0,0,0,0,0,0,0,0,0,0,0,0,0
Tristan Gray*,TBR,2,5,5,1,2,0,0,1,1,0,0,0,0,0,0,0,0,0
Riley Greene*,DET,99,416,378,51,109,19,4,11,37,7,0,35,114,7,1,0,2,0
Zack Greinke,KCR,1,0,0,0,0,0,0,0,0,0,0,0,0,0,0,0,0,0
Randal Grichuk,TOT,118,471,434,65,116,31,2,16,44,2,2,29,96,11,6,0,2,2
Randal Grichuk,COL,64,263,240,40,74,19,1,8,27,2,2,18,51,6,4,0,1,2
Randal Grichuk,LAA,54,208,194,25,42,12,1,8,17,0,0,11,45,5,2,0,1,0
Trent Grisham*,SDP,153,555,469,67,93,31,1,13,50,15,3,75,154,7,5,4,1,0
Vaughn Grissom,ATL,23,80,75,5,21,3,1,0,9,0,1,2,15,2,2,0,1,0
Robbie Grossman#,TEX,115,420,353,56,84,23,1,10,49,1,0,57,98,8,2,0,8,0
Vladimir Guerrero Jr.,TOR,156,682,602,78,159,30,0,26,94,5,3,67,100,23,9,0,4,5
Luis Guillorme*,NYM,54,120,107,12,24,6,1,1,9,0,0,10,28,4,0,2,1,1
Lourdes Gurriel Jr.,ARI,145,592,551,65,144,35,2,24,82,5,0,33,103,20,6,0,2,1
Yuli Gurriel,MIA,108,329,298,32,73,16,3,4,27,4,0,26,44,13,1,0,4,3
Dalton Guthrie,PHI,23,28,24,4,4,1,0,0,0,0,0,3,7,0,1,0,0,0
Eric Haase,TOT,89,293,274,22,55,8,1,4,26,4,1,17,81,11,0,1,1,1
Eric Haase,DET,86,282,264,22,53,8,1,4,26,3,1,16,78,10,0,1,1,1
Eric Haase,CLE,3,11,10,0,2,0,0,0,0,1,0,1,3,1,0,0,0,0
Josh Hader*,SDP,1,0,0,0,0,0,0,0,0,0,0,0,0,0,0,0,0,0
Sam Haggerty#,SEA,52,108,91,13,23,3,1,1,5,10,1,15,17,0,1,1,0,0
Darick Hall*,PHI,18,56,54,2,9,1,0,1,3,0,0,2,18,2,0,0,0,0
DL Hall*,BAL,1,0,0,0,0,0,0,0,0,0,0,0,0,0,0,0,0,0
Billy Hamilton,CHW,3,2,2,2,0,0,0,0,0,2,0,0,1,0,0,0,0,0
Caleb Hamilton,BOS,4,6,5,0,0,0,0,0,0,0,0,1,5,0,0,0,0,0
David Hamilton*,BOS,15,39,33,2,4,2,0,0,0,2,1,6,10,1,0,0,0,0
Garrett Hampson,MIA,98,252,221,30,61,12,1,3,23,5,0,23,67,3,3,3,2,0
Mitch Haniger,SFG,61,229,211,27,44,13,1,6,28,1,0,15,65,7,2,0,1,0
Ian Happ#,CHC,158,691,580,86,144,35,4,21,84,14,3,99,153,12,6,0,6,2
Bryce Harper*,PHI,126,546,457,84,134,29,1,21,72,11,3,80,119,10,5,0,4,8
Michael Harris II*,ATL,138,539,505,76,148,33,3,18,57,20,4,25,101,8,5,1,3,1
Josh Harrison,PHI,40,114,103,8,21,3,0,2,10,0,0,3,20,2,6,0,2,0
Adam Haseley*,CHW,28,39,36,6,8,2,0,0,2,1,0,3,8,1,0,0,0,0
Ke'Bryan Hayes,PIT,124,525,494,65,134,31,7,15,61,10,6,28,104,11,0,0,3,1
Austin Hays,BAL,144,566,520,76,143,36,2,16,67,5,1,38,141,11,3,0,5,1
Taylor Hearn*,TOT,1,0,0,0,0,0,0,0,0,0,0,0,0,0,0,0,0,0
Taylor Hearn*,TOT,1,0,0,0,0,0,0,0,0,0,0,0,0,0,0,0,0,0
Taylor Hearn*,TEX,1,0,0,0,0,0,0,0,0,0,0,0,0,0,0,0,0,0
Jonathan Heasley,KCR,1,0,0,0,0,0,0,0,0,0,0,0,0,0,0,0,0,0
Austin Hedges,TOT,81,212,185,14,34,5,0,1,16,1,0,11,47,7,2,10,3,0
Austin Hedges,PIT,65,187,161,13,29,5,0,1,14,1,0,11,39,7,2,9,3,0
Austin Hedges,TEX,16,25,24,1,5,0,0,0,2,0,0,0,8,0,0,1,0,0
Jonah Heim#,TEX,131,501,457,61,118,28,0,18,95,2,0,40,96,10,1,0,3,2
Tyler Heineman#,TOT,22,47,38,5,9,1,1,0,3,1,0,8,8,0,1,0,0,0
Tyler Heineman#,PIT,3,10,9,1,1,0,0,0,0,1,0,1,1,0,0,0,0,0
Tyler Heineman#,TOR,19,37,29,4,8,1,1,0,3,0,0,7,7,0,1,0,0,0
Ryan Helsley,STL,1,0,0,0,0,0,0,0,0,0,0,0,0,0,0,0,0,0
Gunnar Henderson*,BAL,150,622,560,100,143,29,9,28,82,10,3,56,159,10,3,0,3,1
David Hensley,HOU,30,94,84,12,10,1,0,1,3,1,0,10,35,0,0,0,0,0
Carlos Hernández,KCR,1,0,0,0,0,0,0,0,0,0,0,0,0,0,0,0,0,0
Enrique Hernández,TOT,140,508,465,57,110,23,0,11,61,4,1,34,97,17,3,0,6,1
Enrique Hernández,BOS,86,323,297,38,66,11,0,6,31,3,1,22,68,11,2,0,2,0
Enrique Hernández,LAD,54,185,168,19,44,12,0,5,30,1,0,12,29,6,1,0,4,1
Teoscar Hernández,SEA,160,678,625,70,161,29,2,26,93,7,2,38,211,6,8,0,7,2
Yonny Hernández#,LAD,14,27,22,5,3,1,0,0,4,0,0,2,8,0,1,1,1,0
Iván Herrera,STL,13,44,37,6,11,2,0,0,4,0,0,5,11,1,2,0,0,0
José Herrera#,ARI,41,120,101,15,21,5,0,0,7,1,0,13,30,2,0,5,1,0
Jason Heyward*,LAD,124,377,334,56,90,23,0,15,40,2,2,34,64,7,3,0,3,1
Aaron Hicks#,TOT,93,312,269,44,68,9,1,8,36,6,0,42,69,3,0,0,1,1
Aaron Hicks#,NYY,28,76,69,9,13,2,0,1,5,0,0,7,20,0,0,0,0,0
Aaron Hicks#,BAL,65,236,200,35,55,7,1,7,31,6,0,35,49,3,0,0,1,1
Kyle Higashioka,NYY,92,260,242,24,57,13,0,10,34,0,0,14,74,5,0,1,3,0
Derek Hill,WSN,13,50,47,3,8,1,0,0,1,1,0,3,11,0,0,0,0,0
Sam Hilliard*,ATL,40,78,72,15,17,5,0,3,6,4,0,6,33,1,0,0,0,0
Bryan Hoeing,MIA,1,0,0,0,0,0,0,0,0,0,0,0,0,0,0,0,0,0
Nico Hoerner,CHC,150,688,619,98,175,27,4,9,68,43,7,49,83,12,14,1,5,0
TJ Hopkins,CIN,25,44,41,7,7,0,0,0,1,1,0,2,17,1,1,0,0,0
Spencer Horwitz*,TOR,15,44,39,5,10,2,0,1,7,0,0,4,12,1,1,0,0,0
Eric Hosmer*,CHC,31,100,94,7,22,3,0,2,14,0,0,6,25,5,0,0,0,0
Sam Huff,TEX,21,45,43,5,11,2,0,3,6,0,0,2,17,1,0,0,0,0
Cooper Hummel#,SEA,10,26,23,2,2,1,0,0,0,1,0,2,9,1,1,0,0,0
Tommy Hunter,NYM,2,0,0,0,0,0,0,0,0,0,0,0,0,0,0,0,0,0
Andy Ibáñez,DET,114,383,356,42,94,23,2,11,41,1,0,24,69,7,1,1,1,0
Jonathan India,CIN,119,529,454,78,111,23,0,17,61,14,2,52,109,13,16,0,7,0
Kyle Isbel*,KCR,91,313,292,45,70,22,2,5,34,7,1,17,59,5,1,1,2,0
Drey Jameson,ARI,1,0,0,0,0,0,0,0,0,0,0,0,0,0,0,0,0,0
Travis Jankowski*,TEX,107,287,247,34,65,12,1,1,30,19,1,35,42,6,2,1,2,0
Danny Jansen,TOR,86,301,268,38,61,15,0,17,53,0,0,23,62,3,10,0,0,1
Kenley Jansen#,BOS,1,0,0,0,0,0,0,0,0,0,0,0,0,0,0,0,0,0
Bryce Jarvis*,ARI,1,0,0,0,0,0,0,0,0,0,0,0,0,0,0,0,0,0
Ryan Jeffers,MIN,96,335,286,46,79,15,2,14,43,3,2,33,93,6,10,4,2,1
Eloy Jiménez,CHW,120,489,456,50,124,23,0,18,64,0,0,30,93,13,1,0,2,2
Joe Jiménez,ATL,1,0,0,0,0,0,0,0,0,0,0,0,0,0,0,0,0,0
Connor Joe,PIT,133,472,413,63,102,31,4,11,42,3,5,50,110,4,8,0,1,0
Bryce Johnson#,SFG,30,48,43,7,7,1,0,1,3,3,0,4,15,0,0,0,1,0
Pierce Johnson,TOT,1,0,0,0,0,0,0,0,0,0,0,0,0,0,0,0,0,0
Pierce Johnson,COL,1,0,0,0,0,0,0,0,0,0,0,0,0,0,0,0,0,0
Jahmai Jones,MIL,7,11,10,2,2,1,0,0,3,1,0,1,5,0,0,0,0,0
Nolan Jones*,COL,106,424,367,60,109,22,4,20,62,20,4,53,126,1,3,0,1,3
Aaron Judge,NYY,106,458,367,79,98,16,0,37,75,3,1,88,130,5,0,0,3,9
Edouard Julien*,MIN,109,408,338,60,89,16,1,16,37,3,0,64,128,8,2,1,3,0
Corey Julks,HOU,93,323,298,35,73,14,0,6,33,15,3,22,75,6,1,0,2,0
Josh Jung,TEX,122,515,478,75,127,25,1,23,70,1,3,30,151,7,5,0,2,0
Jakob Junis,SFG,1,0,0,0,0,0,0,0,0,0,0,0,0,0,0,0,0,0
Connor Kaiser,COL,3,4,4,0,0,0,0,0,0,0,0,0,2,0,0,0,0,0
Karl Kauffmann,COL,1,0,0,0,0,0,0,0,0,0,0,0,0,0,0,0,0,0
Anthony Kay*,TOT,4,0,0,0,0,0,0,0,0,0,0,0,0,0,0,0,0,0
Anthony Kay*,CHC,4,0,0,0,0,0,0,0,0,0,0,0,0,0,0,0,0,0
Jarred Kelenic*,SEA,105,416,372,44,94,25,2,11,49,13,5,41,132,6,1,0,2,4
Carson Kelly,TOT,50,151,136,13,28,5,0,2,13,1,0,14,40,2,0,0,1,0
Carson Kelly,ARI,32,92,84,6,19,3,0,1,6,1,0,7,23,2,0,0,1,0
Carson Kelly,DET,18,59,52,7,9,2,0,1,7,0,0,7,17,0,0,0,0,0
Tony Kemp*,OAK,124,419,359,42,75,13,3,5,27,15,4,44,40,9,6,7,3,0
Buddy Kennedy,ARI,10,29,24,1,4,1,0,0,1,0,0,4,6,0,1,0,0,0
Max Kepler*,MIN,130,491,438,72,114,22,2,24,66,1,1,45,106,9,4,0,4,0
Grae Kessinger,HOU,26,45,40,3,8,2,0,1,1,0,1,5,12,0,0,0,0,0
Carter Kieboom,WSN,27,94,87,12,18,2,0,4,11,0,0,6,27,2,1,0,0,0
Kevin Kiermaier*,TOR,129,408,370,58,98,21,6,8,36,14,1,29,86,9,4,1,4,0
Ha-Seong Kim,SDP,152,626,538,84,140,23,0,17,60,38,9,75,124,7,3,5,5,1
Isiah Kiner-Falefa,NYY,113,361,326,39,79,12,1,6,37,14,5,28,70,12,3,1,3,0
John King*,TOT,1,0,0,0,0,0,0,0,0,0,0,0,0,0,0,0,0,0
John King*,TEX,1,0,0,0,0,0,0,0,0,0,0,0,0,0,0,0,0,0
Alex Kirilloff*,MIN,88,319,281,35,76,14,1,11,41,1,0,28,80,2,7,0,3,1
Alejandro Kirk,TOR,123,422,372,34,93,16,0,8,43,0,0,42,45,21,6,0,2,1
Heston Kjerstad*,BAL,13,33,30,3,7,1,0,2,3,0,0,2,10,0,0,0,0,0
Andrew Knizner,STL,70,241,224,30,54,11,0,10,31,2,0,12,62,8,3,1,1,0
Taylor Kohlwey*,SDP,5,13,13,0,2,0,0,0,0,0,0,0,5,0,0,0,0,0
Mark Kolozsvary,BAL,1,0,0,0,0,0,0,0,0,0,0,0,0,0,0,0,0,0
Ryan Kreidler,DET,11,18,18,2,2,0,0,0,0,0,0,0,7,0,0,0,0,0
Steven Kwan*,CLE,158,718,638,93,171,36,7,5,54,21,3,70,75,9,3,1,6,2
Tommy La Stella*,SEA,12,24,21,2,4,1,0,0,2,0,0,3,5,0,0,0,0,0
Jake Lamb*,LAA,18,54,51,7,11,1,0,2,5,0,0,3,15,1,0,0,0,0
Alex Lange,DET,1,0,0,0,0,0,0,0,0,0,0,0,0,0,0,0,0,0
Shea Langeliers,OAK,135,490,448,52,92,19,4,22,63,3,2,34,143,10,5,1,2,2
Trevor Larnach*,MIN,58,212,183,26,39,7,3,8,40,1,1,27,72,2,0,0,2,1
Ramón Laureano,TOT,105,404,361,46,81,18,4,9,35,12,1,33,114,9,9,0,1,0
Ramón Laureano,OAK,64,246,225,24,48,10,3,6,21,8,0,17,73,5,4,0,0,0
Ramón Laureano,CLE,41,158,136,22,33,8,1,3,14,4,1,16,41,4,5,0,1,0
Derek Law,CIN,1,0,0,0,0,0,0,0,0,0,0,0,0,0,0,0,0,0
Jordan Lawlar,ARI,14,34,31,2,4,0,0,0,0,1,1,2,11,0,1,0,0,0
Justin Lawrence,COL,1,0,0,0,0,0,0,0,0,0,0,0,0,0,0,0,0,0
Korey Lee,CHW,24,70,65,4,5,1,0,1,3,0,0,5,20,0,0,0,0,0
Mark Leiter Jr.,CHC,1,0,0,0,0,0,0,0,0,0,0,0,0,0,0,0,0,0
DJ LeMahieu,NYY,136,562,497,55,121,22,3,15,44,2,2,60,125,14,3,0,2,2
Sandy León#,TEX,21,44,41,4,6,2,0,0,4,0,0,1,20,2,1,1,0,0
Josh Lester*,BAL,11,23,22,0,4,0,0,0,4,0,0,1,7,1,0,0,0,0
Kyle Lewis,ARI,16,54,51,2,8,2,0,1,2,0,0,3,21,0,0,0,0,0
Royce Lewis,MIN,58,239,217,36,67,7,0,15,52,6,1,20,55,5,2,0,0,0
Francisco Lindor#,NYM,160,687,602,108,153,33,2,31,98,31,4,66,137,8,12,0,7,1
Andre Lipcius,DET,13,38,35,3,10,1,0,1,4,0,0,3,8,1,0,0,0,0
Luke Little*,CHC,1,0,0,0,0,0,0,0,0,0,0,0,0,0,0,0,0,0
Tim Locastro,NYM,43,67,56,13,13,3,0,2,3,6,0,3,22,0,6,2,0,0
Nick Loftin,KCR,19,68,62,10,20,5,1,0,10,2,0,4,12,0,1,0,1,0
Evan Longoria,ARI,74,237,211,25,47,9,0,11,28,0,0,23,73,8,0,0,3,0
Alejo López#,CIN,1,2,2,1,1,1,0,0,1,0,0,0,1,0,0,0,0,0
Irving Lopez*,STL,5,12,11,0,0,0,0,0,1,0,0,0,5,0,0,0,1,0
Nicky Lopez*,TOT,93,262,225,32,52,8,3,1,25,6,2,26,40,3,6,4,1,0
Nicky Lopez*,KCR,68,190,160,19,34,5,3,0,13,4,2,21,30,3,5,4,0,0
Nicky Lopez*,ATL,25,72,65,13,18,3,0,1,12,2,0,5,10,0,1,0,1,0
Brandon Lowe*,TBR,109,436,377,58,87,15,1,21,68,7,0,50,119,8,6,0,3,0
Josh Lowe*,TBR,135,501,466,71,136,33,2,20,83,32,3,31,124,6,1,0,3,2
Nathaniel Lowe*,TEX,161,724,623,89,163,38,3,17,82,1,0,93,165,22,5,0,3,2
Marco Luciano,SFG,14,45,39,4,9,3,0,0,0,1,0,6,17,0,0,0,0,0
Nathan Lukes*,TOR,29,31,26,4,5,1,1,0,2,0,0,4,9,1,0,0,1,0
Jordan Luplow,TOT,39,90,77,11,16,3,0,2,5,2,0,12,27,1,1,0,0,1
Jordan Luplow,TOR,7,17,14,1,3,0,0,0,1,0,0,3,8,0,0,0,0,1
Jordan Luplow,MIN,32,73,63,10,13,3,0,2,4,2,0,9,19,1,1,0,0,0
Manny Machado,SDP,138,601,543,75,140,21,0,30,91,3,2,50,109,20,2,0,6,1
Nick Madrigal,CHC,92,294,270,34,71,16,1,2,28,10,2,10,24,3,9,5,0,0
Bligh Madris*,HOU,12,30,26,4,4,1,0,0,0,0,0,4,7,0,0,0,0,0
Drew Maggi,PIT,3,6,6,1,2,1,0,0,1,0,0,0,1,0,0,0,0,0
Luke Maile,CIN,74,199,179,17,42,10,0,6,25,2,1,14,49,8,5,1,0,0
Martín Maldonado,HOU,116,407,362,33,69,12,0,15,36,0,0,30,139,10,3,12,0,0
Trey Mancini,CHC,79,263,235,31,55,12,0,4,28,0,0,21,78,5,2,0,3,1
Tucupita Marcano*,PIT,75,220,202,16,47,12,2,3,18,5,2,10,35,2,3,3,2,0
Manuel Margot,TBR,99,336,311,39,82,21,1,4,38,9,3,18,55,6,4,0,3,0
Jake Marisnick,TOT,46,83,76,10,18,3,2,2,10,2,3,3,21,4,2,1,1,0
Jake Marisnick,TOT,42,77,71,10,16,3,2,2,10,2,2,3,21,4,1,1,1,0
Jake Marisnick,CHW,9,2,2,1,0,0,0,0,0,0,0,0,1,0,0,0,0,0
Jake Marisnick,DET,33,75,69,9,16,3,2,2,10,2,2,3,20,4,1,1,1,0
Jake Marisnick,LAD,4,6,5,0,2,0,0,0,0,0,1,0,0,0,1,0,0,0
Cade Marlowe*,SEA,34,100,88,14,21,3,2,3,11,4,2,12,33,1,0,0,0,0
Brandon Marsh*,PHI,133,472,404,58,112,25,6,12,60,10,2,59,144,4,4,1,4,2
Ketel Marte#,ARI,150,650,569,94,157,26,9,25,82,8,2,71,109,16,5,0,5,2
Noelvi Marte,CIN,35,123,114,15,36,7,0,3,15,6,2,8,25,1,1,0,0,0
Starling Marte,NYM,86,341,315,38,78,7,1,5,28,24,4,16,69,8,8,2,0,1
Chris Martin,BOS,1,0,0,0,0,0,0,0,0,0,0,0,0,0,0,0,0,0
J.D. Martinez,LAD,113,479,432,61,117,27,2,33,103,1,0,34,149,11,2,0,9,1
J.P. Martínez*,TEX,17,44,40,7,9,1,0,1,4,0,0,2,16,0,0,0,2,0
Seth Martinez,HOU,1,0,0,0,0,0,0,0,0,0,0,0,0,0,0,0,0,0
Nick Martini*,CIN,29,79,72,10,19,3,1,6,16,0,0,5,15,1,2,0,0,0
Michael Massey*,KCR,129,461,428,42,98,18,1,15,55,6,2,24,99,3,4,1,4,0
Miles Mastrobuoni*,CHC,60,149,133,24,32,5,0,1,5,13,1,13,32,1,0,3,0,0
Jorge Mateo,BAL,116,350,318,58,69,14,2,7,34,32,5,22,82,8,1,5,3,0
Mark Mathias,TOT,27,72,62,6,14,2,0,0,6,3,0,10,15,4,0,0,0,0
Mark Mathias,PIT,22,62,52,5,12,2,0,0,4,3,0,10,11,3,0,0,0,0
Mark Mathias,SFG,5,10,10,1,2,0,0,0,2,0,0,0,4,1,0,0,0,0
Nick Maton*,DET,93,293,249,29,43,9,0,8,32,1,2,38,73,4,3,1,2,1
Phil Maton,HOU,4,0,0,0,0,0,0,0,0,0,0,0,0,0,0,0,0,0
Luis Matos,SFG,76,253,228,24,57,13,1,2,14,3,0,20,33,3,3,2,0,0
Ronny Mauricio#,NYM,26,108,101,11,25,4,0,2,9,7,0,7,31,2,0,0,0,0
Tim Mayza*,TOR,2,0,0,0,0,0,0,0,0,0,0,0,0,0,0,0,0,0
James McArthur,KCR,1,0,0,0,0,0,0,0,0,0,0,0,0,0,0,0,0,0
James McCann,BAL,69,226,207,25,46,14,0,6,26,3,1,9,57,5,5,3,2,0
Jake McCarthy*,ARI,99,312,276,37,67,7,5,2,16,26,4,26,62,4,5,4,1,0
Chas McCormick,HOU,115,457,403,59,110,17,2,22,70,19,6,40,117,3,11,1,2,0
Mason McCoy,TOR,6,1,1,2,0,0,0,0,0,0,0,0,1,0,0,0,0,0
Andrew McCutchen,PIT,112,473,390,55,100,19,0,12,43,11,3,75,100,8,4,0,4,1
Scott McGough,ARI,2,0,0,0,0,0,0,0,0,0,0,0,0,0,0,0,0,0
Reese McGuire*,BOS,72,206,187,15,50,12,1,1,16,2,1,11,53,2,1,2,1,0
Ryan McKenna,BAL,88,139,122,23,31,7,0,2,18,5,0,9,40,4,3,3,2,0
Billy McKinney*,NYY,48,147,128,19,29,3,1,6,14,1,0,17,39,1,1,0,1,1
Zach McKinstry*,DET,148,518,464,60,107,21,4,9,35,16,6,44,113,3,5,2,3,0
Matt McLain,CIN,89,403,365,65,106,23,4,16,50,14,5,31,115,5,7,0,0,0
Ryan McMahon*,COL,152,627,555,80,133,31,3,23,70,5,5,68,198,19,1,0,3,2
Jeff McNeil*,NYM,156,648,585,75,158,25,4,10,55,10,0,39,65,5,18,3,3,0
Curtis Mead,TBR,24,92,83,12,21,3,1,1,5,0,0,7,21,3,2,0,0,0
Austin Meadows*,DET,6,21,21,0,5,1,0,0,2,0,0,0,3,0,0,0,0,0
Parker Meadows*,DET,37,145,125,19,29,4,2,3,13,8,1,17,37,0,2,0,1,1
Wade Meckler*,SFG,20,64,56,6,13,1,0,0,4,0,0,6,25,0,2,0,0,0
Francisco Mejía#,TBR,50,160,150,22,34,11,0,5,19,0,1,6,38,2,1,1,2,0
MJ Melendez*,KCR,148,602,533,65,125,29,5,16,56,6,4,62,170,4,3,0,4,2
Danny Mendick,NYM,33,69,65,4,12,3,0,1,4,1,0,4,15,1,0,0,0,0
Joey Meneses,WSN,154,657,611,71,168,36,1,13,89,0,0,38,130,15,5,0,3,0
Óscar Mercado,STL,20,32,31,3,9,3,0,0,5,2,1,1,4,0,0,0,0,0
Whit Merrifield,TOR,145,592,547,66,149,27,0,11,67,26,10,36,101,15,3,0,6,2
Julian Merryweather,CHC,1,0,0,0,0,0,0,0,0,0,0,0,0,0,0,0,0,0
Matt Mervis*,CHC,27,99,90,8,15,2,0,3,11,0,0,8,32,1,1,0,0,0
Jake Meyers,HOU,112,341,309,42,70,16,1,10,33,5,2,26,88,2,5,0,1,0
Drew Millas#,WSN,11,33,28,1,8,2,0,1,6,0,0,4,5,2,0,1,0,0
Brad Miller*,TEX,27,67,56,8,12,4,0,1,6,0,0,10,11,1,0,0,1,0
Owen Miller,MIL,90,314,291,29,76,17,0,5,27,13,2,17,61,6,2,0,4,1
Shelby Miller,LAD,1,1,1,0,0,0,0,0,0,0,0,0,0,0,0,0,0,0
José Miranda,MIN,40,152,142,12,30,4,0,3,13,0,0,9,24,8,1,0,0,0
Calvin Mitchell*,PIT,2,5,4,0,0,0,0,0,0,0,0,1,1,0,0,0,0,0
Garrett Mitchell*,MIL,19,73,65,10,16,2,1,3,7,1,1,7,26,0,0,0,1,0
Andruw Monasterio,MIL,92,315,282,38,73,14,1,3,27,7,2,28,66,9,3,0,2,0
Yoán Moncada#,CHW,92,357,334,39,87,20,1,11,40,1,0,20,107,6,2,0,1,0
Mickey Moniak*,LAA,85,323,311,35,87,21,2,14,45,6,3,9,113,4,3,0,0,1
Elehuris Montero,COL,85,307,284,40,69,15,2,11,39,0,0,15,111,5,5,0,3,0
Rafael Montero,HOU,1,0,0,0,0,0,0,0,0,0,0,0,0,0,0,0,0,0
Coco Montes,COL,18,41,38,3,7,2,0,1,3,0,0,2,12,0,1,0,0,0
Dylan Moore,SEA,67,165,145,18,30,9,1,7,19,7,3,16,56,1,4,0,0,0
Jovani Morán*,MIN,2,0,0,0,0,0,0,0,0,0,0,0,0,0,0,0,0,0
Christopher Morel,CHC,107,429,388,62,96,17,3,26,70,6,2,36,133,7,2,1,2,0
Gabriel Moreno,ARI,111,380,341,33,97,19,1,7,50,6,2,29,75,17,3,0,7,0
Taylor Motter,STL,29,82,76,3,13,3,0,0,2,0,0,5,31,0,1,0,0,0
Ryan Mountcastle,BAL,115,470,423,64,114,21,1,18,68,3,1,37,107,13,3,0,7,1
Mike Moustakas*,TOT,112,386,352,43,87,15,0,12,48,0,0,23,95,7,3,0,8,1
Mike Moustakas*,COL,47,136,115,21,31,7,0,4,17,0,0,17,34,1,1,0,3,1
Mike Moustakas*,LAA,65,250,237,22,56,8,0,8,31,0,0,6,61,6,2,0,5,0
Cedric Mullins*,BAL,116,455,404,51,94,23,3,15,74,19,3,43,101,6,1,3,4,1
Max Muncy*,LAD,135,579,482,95,102,17,1,36,105,1,2,85,153,8,6,0,6,4
Andrés Muñoz,SEA,1,0,0,0,0,0,0,0,0,0,0,0,0,0,0,0,0,0
Penn Murfee,SEA,1,0,0,0,0,0,0,0,0,0,0,0,0,0,0,0,0,0
Sean Murphy,ATL,108,438,370,65,93,21,0,21,68,0,0,49,98,18,18,0,1,0
Tom Murphy,SEA,47,159,145,19,42,12,0,8,17,0,0,10,44,4,1,0,2,0
Dane Myers,MIA,22,70,67,9,18,3,0,1,9,1,1,2,19,1,0,0,1,0
Wil Myers,CIN,37,141,127,11,24,3,0,3,12,2,1,12,48,3,0,1,1,0
James Naile,STL,1,0,0,0,0,0,0,0,0,0,0,0,0,0,0,0,0,0
Tyler Naquin*,CHW,5,8,8,0,0,0,0,0,0,0,0,0,7,0,0,0,0,0
Andrew Nardi*,MIA,1,0,0,0,0,0,0,0,0,0,0,0,0,0,0,0,0,0
Omar Narváez*,NYM,49,146,128,12,27,5,0,2,7,0,0,14,27,1,0,1,3,0
Bo Naylor*,CLE,67,230,198,33,47,13,0,11,32,5,0,30,53,2,1,0,1,1
Josh Naylor*,CLE,121,495,452,52,139,31,0,17,97,10,3,33,68,11,3,0,7,9
Kyle Nelson*,ARI,1,0,0,0,0,0,0,0,0,0,0,0,0,0,0,0,0,0
Héctor Neris,HOU,1,0,0,0,0,0,0,0,0,0,0,0,0,0,0,0,0,0
Zach Neto,LAA,84,329,289,38,65,17,0,9,34,5,1,20,77,5,16,1,3,0
Tyler Nevin,DET,41,111,95,11,19,3,1,2,10,0,1,12,25,1,3,0,1,0
Kevin Newman,CIN,74,253,225,28,57,16,0,3,28,8,1,17,34,7,4,2,5,0
Tomás Nido,NYM,22,61,56,5,7,0,0,0,1,0,0,2,18,2,0,2,1,0
Brandon Nimmo*,NYM,152,682,592,89,162,30,6,24,68,3,3,74,146,6,11,1,4,0
Ryan Noda*,OAK,128,495,406,63,93,22,1,16,54,3,1,77,170,4,10,0,2,1
Austin Nola,SDP,52,154,130,9,19,3,0,1,8,0,0,18,31,5,2,4,0,0
Lars Nootbaar*,STL,117,503,426,74,111,23,1,14,46,11,1,72,99,7,1,1,3,2
Ryan O'Hearn*,BAL,112,368,346,48,100,22,1,14,60,5,1,15,82,2,3,1,3,2
Logan O'Hoppe,LAA,51,199,182,23,43,6,0,14,29,0,1,14,48,4,2,0,1,0
Brian O'Keefe,SEA,8,21,19,0,2,2,0,0,2,0,0,2,7,2,0,0,0,0
Tyler O'Neill,STL,72,266,238,27,55,14,0,9,21,5,0,28,67,5,0,0,0,0
Rougned Odor*,SDP,59,157,138,21,28,9,0,4,18,2,1,17,37,2,2,0,0,0
Shohei Ohtani*,LAA,135,599,497,102,151,26,8,44,95,20,6,91,143,9,3,0,3,21
Chris Okey,LAA,2,2,2,0,0,0,0,0,0,0,0,0,2,0,0,0,0,0
Edward Olivares,KCR,107,385,354,47,93,23,4,12,36,11,5,22,64,7,7,0,2,1
Matt Olson*,ATL,162,720,608,127,172,27,3,54,139,1,0,104,167,13,4,0,4,8
Jonathan Ornelas,TEX,8,8,7,2,1,0,0,0,0,0,0,0,4,0,1,0,0,0
Rafael Ortega*,NYM,47,136,114,16,25,3,0,1,8,6,1,20,33,0,1,1,0,0
Joey Ortiz,BAL,15,34,33,4,7,1,0,0,4,0,0,0,9,2,0,0,1,0
James Outman*,LAD,151,567,483,86,120,16,3,23,70,16,3,68,181,4,12,0,4,1
Chris Owings,PIT,10,25,25,0,4,0,0,0,0,0,0,0,12,1,0,0,0,0
Marcell Ozuna,ATL,144,592,530,84,145,29,1,40,100,0,0,57,134,9,3,0,2,1
Cristian Pache,PHI,48,95,84,12,20,7,1,2,11,2,3,10,27,1,0,1,0,0
Kevin Padlo,LAA,3,8,8,1,1,1,0,0,0,0,0,0,0,1,0,0,0,0
Emilio Pagán*,MIN,1,0,0,0,0,0,0,0,0,0,0,0,0,0,0,0,0,0
Joshua Palacios*,PIT,91,264,247,26,59,9,2,10,40,5,0,12,56,7,2,2,1,0
Richie Palacios*,STL,32,102,93,9,24,6,0,6,16,2,0,6,11,1,1,1,1,0
Isaac Paredes,TBR,143,571,492,71,123,24,0,31,98,1,0,58,104,11,20,0,1,0
Kyren Paris,LAA,15,46,40,4,4,0,0,0,1,3,0,4,17,0,1,1,0,0
Vinnie Pasquantino*,KCR,61,260,231,24,57,17,0,9,26,0,0,25,31,7,2,0,1,2
Joc Pederson*,SFG,121,425,358,59,84,14,3,15,51,0,0,57,89,12,7,0,3,6
Liover Peguero,PIT,59,213,198,21,47,4,1,7,26,6,2,11,67,6,1,2,1,0
Jeremy Peña,HOU,150,634,577,81,152,32,3,10,52,13,9,43,129,11,9,1,1,1
David Peralta*,LAD,133,422,394,47,102,25,1,7,55,4,1,20,72,8,2,0,6,1
Oswald Peraza,NYY,52,191,173,15,33,8,0,2,14,4,3,13,50,1,5,0,0,0
Geraldo Perdomo#,ARI,144,495,407,71,100,20,4,6,47,16,4,64,86,2,6,14,4,1
Everson Pereira,NYY,27,103,93,6,14,4,0,0,10,4,0,8,40,1,2,0,0,0
Carlos Pérez,OAK,66,189,168,17,38,4,0,6,20,0,0,13,40,4,4,1,3,0
Carlos Pérez,CHW,27,53,49,5,10,4,0,1,3,0,0,4,11,2,0,0,0,0
Cionel Pérez,BAL,3,0,0,0,0,0,0,0,0,0,0,0,0,0,0,0,0,0
Michael Pérez*,NYM,3,8,8,1,4,1,0,0,0,0,0,0,1,0,0,0,0,0
Roberto Pérez,SFG,5,17,15,0,2,0,0,0,1,0,0,2,6,0,0,0,0,0
Salvador Pérez,KCR,140,580,538,59,137,21,0,23,80,0,0,19,135,11,13,0,8,6
Blake Perkins#,MIL,67,168,143,28,31,7,0,4,20,5,2,23,46,3,0,2,0,0
Jace Peterson*,TOT,133,430,374,35,79,10,4,6,37,15,2,47,101,7,4,2,3,2
Jace Peterson*,OAK,92,324,281,30,62,7,2,6,28,11,1,36,77,6,3,1,3,1
Jace Peterson*,ARI,41,106,93,5,17,3,2,0,9,4,1,11,24,1,1,1,0,1
Tommy Pham,TOT,129,481,426,55,109,27,3,16,68,22,3,47,106,11,2,0,6,1
Tommy Pham,NYM,79,264,231,29,62,15,1,10,36,11,1,29,56,2,1,0,3,1
Tommy Pham,ARI,50,217,195,26,47,12,2,6,32,11,2,18,50,9,1,0,3,0
Brett Phillips*,LAA,39,71,63,9,11,1,0,3,6,3,1,8,36,0,0,0,0,0
Kevin Pillar,ATL,81,206,197,29,45,10,0,9,32,4,1,6,50,2,0,0,3,0
Manny Piña,OAK,4,12,12,1,3,0,0,1,1,0,0,0,3,1,0,0,0,0
René Pinto,TBR,38,105,103,10,26,3,0,6,16,0,0,2,34,2,0,0,0,0
Nick Pivetta,BOS,1,0,0,0,0,0,0,0,0,0,0,0,0,0,0,0,0,0
Jorge Polanco#,MIN,80,343,302,38,77,18,0,14,48,4,0,36,88,2,2,0,3,0
AJ Pollock,TOT,54,144,133,15,22,4,0,5,15,0,1,9,32,1,0,0,2,0
AJ Pollock,SEA,49,138,127,15,22,4,0,5,15,0,1,9,30,1,0,0,2,0
AJ Pollock,SFG,5,6,6,0,0,0,0,0,0,0,0,0,2,0,0,0,0,0
Logan Porter,KCR,11,38,31,4,6,1,0,1,3,0,0,5,11,2,1,1,0,0
Nick Pratto*,KCR,95,345,306,33,71,16,0,7,35,1,1,29,138,3,6,0,4,0
Ryan Pressly,HOU,3,0,0,0,0,0,0,0,0,0,0,0,0,0,0,0,0,0
Jurickson Profar#,TOT,125,521,459,55,111,27,2,9,46,1,0,50,90,11,6,0,5,0
Jurickson Profar#,COL,111,472,415,51,98,25,2,8,39,1,0,45,86,9,6,0,5,0
Jurickson Profar#,SDP,14,49,44,4,13,2,0,1,7,0,0,5,4,2,0,0,0,0
Juniel Querecuto#,STL,9,21,20,2,2,1,0,0,0,0,0,1,6,0,0,0,0,0
Ceddanne Rafaela,BOS,28,89,83,11,20,6,0,2,5,3,1,4,28,2,1,0,1,0
Cole Ragans*,TOT,1,0,0,0,0,0,0,0,0,0,0,0,0,0,0,0,0,0
Cole Ragans*,TEX,1,0,0,0,0,0,0,0,0,0,0,0,0,0,0,0,0,0
Cal Raleigh#,SEA,145,569,513,78,119,23,1,30,75,0,0,54,158,6,1,0,1,1
Brooks Raley*,NYM,1,0,0,0,0,0,0,0,0,0,0,0,0,0,0,0,0,0
Luke Raley*,TBR,118,406,357,56,89,23,3,19,49,14,3,28,128,2,18,1,2,0
Harold Ramírez,TBR,122,434,400,58,125,19,2,12,68,5,3,22,79,7,6,0,6,0
José Ramírez#,CLE,156,691,611,87,172,36,5,24,80,28,6,73,73,8,1,0,6,22
Heliot Ramos,SFG,25,60,56,5,10,4,0,1,2,0,0,4,20,1,0,0,0,0
Henry Ramos#,CIN,23,86,74,9,18,3,1,0,5,2,1,11,21,2,1,0,0,0
J.T. Realmuto,PHI,135,540,489,70,123,28,5,20,63,16,5,35,138,10,9,0,5,3
Rob Refsnyder,BOS,89,243,202,31,50,9,1,1,28,7,2,33,47,8,5,1,1,0
Zach Remillard,CHW,54,160,147,16,37,7,0,1,18,4,3,8,48,3,1,4,0,1
Anthony Rendon,LAA,43,183,148,23,35,6,0,2,22,2,0,25,27,6,6,0,4,0
Hunter Renfroe,TOT,140,548,498,60,116,31,0,20,60,0,0,44,125,15,3,0,3,0
Hunter Renfroe,LAA,126,504,459,56,111,31,0,19,56,0,0,39,113,15,3,0,3,0
Hunter Renfroe,CIN,14,44,39,4,5,0,0,1,4,0,0,5,12,0,0,0,0,0
Luis Rengifo#,LAA,126,445,394,55,104,15,4,16,51,6,4,41,82,3,6,0,4,0
Franmil Reyes,KCR,19,65,59,5,11,0,0,2,7,0,0,4,24,3,0,0,2,0
Pablo Reyes,BOS,64,185,167,27,48,9,0,2,20,7,2,14,21,3,0,2,2,0
Bryan Reynolds#,PIT,145,640,574,85,151,31,5,24,84,12,1,53,138,13,7,0,6,2
Matt Reynolds,CIN,2,5,5,1,1,0,0,0,0,0,0,0,3,0,0,0,0,0
Austin Riley,ATL,159,715,636,117,179,32,3,37,97,3,1,59,172,18,9,0,11,4
Edwin Ríos*,CHC,18,34,28,3,2,1,0,1,2,0,0,5,16,0,1,0,0,0
Alfonso Rivas*,TOT,48,123,109,8,25,10,1,3,15,1,0,9,36,1,3,1,1,0
Alfonso Rivas*,SDP,8,17,15,2,3,2,0,0,1,0,0,2,7,0,0,0,0,0
Alfonso Rivas*,PIT,40,106,94,6,22,8,1,3,14,1,0,7,29,1,3,1,1,0
Emmanuel Rivera,ARI,86,283,257,32,67,13,0,4,29,1,0,22,56,9,0,0,4,0
Anthony Rizzo*,NYY,99,421,373,45,91,14,0,12,41,0,3,35,97,10,12,0,1,1
Luis Robert Jr.,CHW,145,595,546,90,144,36,1,38,80,20,4,30,172,10,12,0,2,5
Víctor Robles,WSN,36,126,107,15,32,5,1,0,8,8,1,11,18,3,4,4,0,0
Brayan Rocchio#,CLE,23,86,81,9,20,6,0,0,8,0,0,4,27,4,0,0,1,0
Brendan Rodgers,COL,46,192,178,21,46,9,1,4,20,0,0,11,41,6,3,0,0,0
Endy Rodríguez#,PIT,57,204,186,27,41,7,2,3,13,0,0,17,49,3,0,0,1,0
José Rodriguez,CHW,1,0,0,1,0,0,0,0,0,0,0,0,0,0,0,0,0,0
Julio Rodríguez,SEA,155,714,654,102,180,37,2,32,103,37,10,47,175,14,11,0,2,6
Jake Rogers,DET,107,365,331,47,73,11,0,21,49,1,1,28,118,6,3,1,2,0
Taylor Rogers*,SFG,1,0,0,0,0,0,0,0,0,0,0,0,0,0,0,0,0,0
Tyler Rogers,SFG,1,0,0,0,0,0,0,0,0,0,0,0,0,0,0,0,0,0
Johan Rojas,PHI,59,164,149,24,45,9,2,2,23,14,1,5,42,1,4,6,0,0
Josh Rojas*,TOT,105,350,314,47,77,17,0,4,40,12,0,27,81,3,1,2,4,0
Josh Rojas*,ARI,59,216,189,23,43,13,0,0,26,6,0,18,51,2,1,2,4,0
Josh Rojas*,SEA,46,134,125,24,34,4,0,4,14,6,0,9,30,1,0,0,0,0
Miguel Rojas,LAD,124,423,385,49,91,16,1,5,31,8,3,26,48,12,5,2,5,0
Jordan Romano,TOR,1,0,0,0,0,0,0,0,0,0,0,0,0,0,0,0,0,0
JoJo Romero*,STL,1,0,0,0,0,0,0,0,0,0,0,0,0,0,0,0,0,0
Brent Rooker,OAK,137,526,463,61,114,20,1,30,69,4,0,49,172,11,10,0,4,1
Ben Rortvedt*,NYY,32,79,68,6,8,1,0,2,4,0,0,11,19,1,0,0,0,0
Amed Rosario,TOT,142,545,510,70,134,25,8,6,58,15,2,29,99,15,3,0,3,0
Amed Rosario,CLE,94,412,385,51,102,19,6,3,40,9,0,22,77,11,2,0,3,0
Amed Rosario,LAD,48,133,125,19,32,6,2,3,18,6,2,7,22,4,1,0,0,0
Eddie Rosario*,ATL,142,516,478,64,122,24,3,21,74,3,4,34,122,13,1,1,2,1
Eguy Rosario,SDP,11,37,36,6,9,1,1,2,6,0,0,1,12,1,0,0,0,0
Michael Rucker,CHC,2,0,0,0,0,0,0,0,0,0,0,0,0,0,0,0,0,0
Darin Ruf,TOT,20,57,49,3,11,3,0,0,3,0,0,8,16,0,0,0,0,0
Darin Ruf,SFG,9,27,23,1,6,2,0,0,3,0,0,4,9,0,0,0,0,0
Darin Ruf,MIL,11,30,26,2,5,1,0,0,0,0,0,4,7,0,0,0,0,0
Esteury Ruiz,OAK,132,497,449,47,114,24,1,5,47,67,13,20,99,7,16,4,1,1
José Ruiz,TOT,1,0,0,0,0,0,0,0,0,0,0,0,0,0,0,0,0,0
José Ruiz,ARI,1,0,0,0,0,0,0,0,0,0,0,0,0,0,0,0,0,0
Keibert Ruiz#,WSN,136,562,523,55,136,24,0,18,67,1,1,31,58,13,6,0,2,1
Blake Rutherford*,WSN,16,36,35,4,6,0,0,0,2,0,0,1,10,1,0,0,0,0
Adley Rutschman#,BAL,154,687,588,84,163,31,1,20,80,1,2,92,101,14,2,0,5,6
Blake Sabol*,SFG,110,344,310,36,73,10,0,13,44,4,2,24,117,4,6,2,2,0
César Salazar*,HOU,13,19,18,1,2,0,0,0,0,0,0,1,6,1,0,0,0,0
Gary Sánchez,TOT,75,267,240,33,52,9,0,19,47,0,0,21,67,3,4,0,2,0
Gary Sánchez,NYM,3,7,6,0,1,0,0,0,1,0,0,0,3,0,0,0,1,0
Gary Sánchez,SDP,72,260,234,33,51,9,0,19,46,0,0,21,64,3,4,0,1,0
Jesús Sánchez*,MIA,125,402,360,43,91,23,3,14,52,3,1,38,107,12,2,1,1,1
Cole Sands,MIN,1,0,0,0,0,0,0,0,0,0,0,0,0,0,0,0,0,0
Carlos Santana#,TOT,146,619,550,78,132,33,1,23,86,6,0,65,104,11,0,0,4,0
Carlos Santana#,PIT,94,393,345,45,81,25,0,12,53,6,0,45,69,3,0,0,3,0
Carlos Santana#,MIL,52,226,205,33,51,8,1,11,33,0,0,20,35,8,0,0,1,0
Anthony Santander#,BAL,153,656,591,81,152,41,1,28,95,5,1,55,152,11,6,0,4,1
Tony Santillan,CIN,1,0,0,0,0,0,0,0,0,0,0,0,0,0,0,0,0,0
Tayler Saucedo*,SEA,2,0,0,0,0,0,0,0,0,0,0,0,0,0,0,0,0,0
Josh Sborz,TEX,1,1,1,0,0,0,0,0,0,0,0,0,1,0,0,0,0,0
Nolan Schanuel*,LAA,29,132,109,19,30,3,0,1,6,0,0,20,19,1,3,0,0,1
Casey Schmitt,SFG,90,277,253,28,52,15,0,5,30,2,1,13,65,7,5,3,3,0
Davis Schneider,TOR,35,141,116,23,32,12,1,8,20,1,0,21,43,2,4,0,0,0
Jonathan Schoop,DET,55,151,136,15,29,8,0,0,7,0,0,13,37,6,0,0,2,0
John Schreiber,BOS,2,0,0,0,0,0,0,0,0,0,0,0,0,0,0,0,0,0
Kyle Schwarber*,PHI,160,720,585,108,115,19,1,47,104,0,2,126,215,4,6,0,3,5
Tayler Scott,TOT,2,0,0,0,0,0,0,0,0,0,0,0,0,0,0,0,0,0
Tayler Scott,TOT,1,0,0,0,0,0,0,0,0,0,0,0,0,0,0,0,0,0
Tayler Scott,LAD,1,0,0,0,0,0,0,0,0,0,0,0,0,0,0,0,0,0
Tayler Scott,BOS,1,0,0,0,0,0,0,0,0,0,0,0,0,0,0,0,0,0
Corey Seager*,TEX,119,536,477,88,156,42,0,33,96,2,1,49,88,9,4,0,6,9
Chandler Seagle,SDP,1,1,1,0,0,0,0,0,0,0,0,0,0,0,0,0,0,0
Jean Segura,MIA,85,326,301,25,66,5,2,3,21,6,2,22,47,12,2,1,0,1
Marcus Semien,TEX,162,753,670,122,185,40,4,29,100,14,3,72,110,5,5,0,5,1
Nick Senzel,CIN,104,330,301,49,71,10,0,13,42,6,2,26,74,9,1,0,2,0
Brian Serven,COL,11,23,23,0,3,1,0,0,1,0,0,0,10,0,0,0,0,0
Paul Sewald,TOT,2,0,0,0,0,0,0,0,0,0,0,0,0,0,0,0,0,0
Paul Sewald,SEA,1,0,0,0,0,0,0,0,0,0,0,0,0,0,0,0,0,0
Paul Sewald,ARI,1,0,0,0,0,0,0,0,0,0,0,0,0,0,0,0,0,0
Gavin Sheets*,CHW,118,344,311,24,63,10,0,10,43,1,0,28,66,6,1,0,4,2
Braden Shewmake*,ATL,2,4,4,0,0,0,0,0,0,0,0,0,1,0,0,0,0,0
Zack Short,DET,110,253,221,17,45,9,0,7,33,5,0,28,66,3,0,3,1,0
Michael Siani*,TOT,8,6,5,1,0,0,0,0,0,1,1,1,1,0,0,0,0,0
Michael Siani*,CIN,3,1,0,1,0,0,0,0,0,0,1,1,0,0,0,0,0,0
Michael Siani*,STL,5,5,5,0,0,0,0,0,0,1,0,0,1,0,0,0,0,0
Lucas Sims,CIN,3,0,0,0,0,0,0,0,0,0,0,0,0,0,0,0,0,0
Jon Singleton*,TOT,36,105,91,11,15,3,0,2,12,0,0,13,23,2,0,0,1,0
Jon Singleton*,MIL,11,32,29,3,3,1,0,0,2,0,0,3,11,0,0,0,0,0
Jon Singleton*,HOU,25,73,62,8,12,2,0,2,10,0,0,10,12,2,0,0,1,0
José Siri,TBR,101,364,338,58,75,13,2,25,56,12,3,20,130,5,2,1,3,0
Austin Slater,SFG,89,207,185,24,50,9,0,5,20,2,2,20,58,2,2,0,0,0
Dominic Smith*,WSN,153,586,527,57,134,21,1,12,46,1,1,47,91,12,10,0,2,1
Josh Smith*,TEX,90,232,195,29,36,8,1,6,15,1,0,25,55,3,9,2,1,0
Kevin Smith,OAK,49,146,135,15,25,4,0,5,11,1,0,5,51,3,1,5,0,0
Pavin Smith*,ARI,69,228,191,26,36,5,0,7,30,1,1,35,45,3,1,0,0,0
Will Smith,TEX,1,0,0,0,0,0,0,0,0,0,0,0,0,0,0,0,0,0
Will Smith,LAD,126,554,464,80,121,21,2,19,76,3,0,63,89,8,15,0,12,2
Canaan Smith-Njigba*,PIT,15,37,32,3,4,1,1,0,5,1,0,4,16,1,0,0,1,0
Drew Smyly*,CHC,1,0,0,0,0,0,0,0,0,0,0,0,0,0,0,0,0,0
Tyler Soderstrom*,OAK,45,138,125,9,20,1,0,3,7,0,0,11,43,6,1,0,1,0
Nick Solak,TOT,2,0,0,1,0,0,0,0,0,0,0,0,0,0,0,0,0,0
Nick Solak,ATL,1,0,0,1,0,0,0,0,0,0,0,0,0,0,0,0,0,0
Nick Solak,DET,1,0,0,0,0,0,0,0,0,0,0,0,0,0,0,0,0,0
Donovan Solano,MIN,134,450,394,43,111,26,1,5,38,0,0,40,100,8,15,0,1,1
Jorge Soler,MIA,137,580,504,77,126,24,0,36,75,1,0,66,141,20,6,0,4,4
Edmundo Sosa,PHI,104,300,279,34,70,15,2,10,30,4,2,8,74,10,9,2,1,0
Lenyn Sosa,CHW,52,173,164,12,33,6,0,6,14,0,1,5,40,3,0,3,1,1
Juan Soto*,SDP,162,708,568,97,156,32,1,35,109,12,5,132,129,18,2,1,5,11
Livan Soto*,LAA,4,12,9,2,2,0,0,0,0,0,0,3,2,0,0,0,0,0
Carson Spiers,CIN,1,0,0,0,0,0,0,0,0,0,0,0,0,0,0,0,0,0
George Springer,TOR,154,683,613,87,158,25,1,21,72,20,5,60,125,20,5,0,3,1
Jacob Stallings,MIA,88,276,241,22,46,14,0,3,20,0,0,27,67,9,3,3,2,0
Ryne Stanek,HOU,2,0,0,0,0,0,0,0,0,0,0,0,0,0,0,0,0,0
Giancarlo Stanton,NYY,101,415,371,43,71,13,0,24,60,0,0,41,124,11,2,0,1,3
Spencer Steer,CIN,156,665,582,74,158,37,3,23,86,15,3,68,139,9,11,0,4,0
Michael Stefanic,LAA,25,71,62,5,18,2,1,0,6,0,1,8,8,0,1,0,0,0
Tyler Stephenson,CIN,142,517,465,59,113,20,2,13,56,0,1,47,135,16,4,0,1,2
Andrew Stevenson*,MIN,25,40,37,4,7,1,0,0,1,4,1,2,8,0,1,0,0,0
Cal Stevenson*,SFG,6,12,9,1,0,0,0,0,0,0,0,3,2,0,0,0,0,0
DJ Stewart*,NYM,58,185,160,21,39,9,0,11,26,1,1,15,56,3,7,1,1,0
Trevor Story,BOS,43,168,158,12,32,9,0,3,14,10,3,9,55,2,1,0,0,0
Bryson Stott*,PHI,151,640,585,78,164,32,2,15,62,31,3,39,100,10,7,1,8,1
Kyle Stowers*,BAL,14,33,30,1,2,0,0,0,0,0,0,3,12,1,0,0,0,0
Myles Straw,CLE,147,518,462,52,110,18,3,1,29,20,6,42,97,10,2,6,6,0
Garrett Stubbs*,PHI,41,125,113,15,23,4,1,1,12,2,0,9,29,0,2,1,0,0
Eugenio Suárez,SEA,162,694,598,68,139,29,0,22,96,2,1,70,214,10,15,0,11,0
Brett Sullivan*,SDP,33,86,81,7,17,3,0,1,6,0,0,4,19,1,0,0,1,0
Brent Suter*,COL,1,0,0,0,0,0,0,0,0,0,0,0,0,0,0,0,0,0
Jack Suwinski*,PIT,144,534,447,63,100,21,2,26,74,13,2,75,172,2,6,0,6,2
Seiya Suzuki,CHC,138,583,515,75,147,31,6,20,74,6,7,59,130,8,2,0,7,3
Dansby Swanson,CHC,147,638,565,81,138,25,3,22,80,9,1,66,154,9,5,0,2,0
Domingo Tapia,SDP,1,0,0,0,0,0,0,0,0,0,0,0,0,0,0,0,0,0
Raimel Tapia*,TOT,64,169,148,28,35,4,1,3,13,10,2,17,40,2,1,1,1,0
Raimel Tapia*,TOT,44,108,96,18,26,4,1,1,10,8,1,11,20,1,0,0,0,0
Raimel Tapia*,BOS,39,97,87,14,23,4,1,1,10,6,1,9,19,1,0,0,0,0
Raimel Tapia*,MIL,20,61,52,10,9,0,0,2,3,2,1,6,20,1,1,1,1,0
Raimel Tapia*,TBR,5,11,9,4,3,0,0,0,0,2,0,2,1,0,0,0,0,0
Fernando Tatis Jr.,SDP,141,635,575,91,148,33,1,25,78,29,4,53,141,17,3,1,3,0
Mike Tauchman*,CHC,108,401,337,64,85,18,0,8,48,7,1,56,86,3,4,1,3,1
Leody Taveras#,TEX,143,554,511,67,136,31,3,14,67,14,4,35,117,3,1,3,4,0
Chris Taylor,LAD,117,384,338,51,80,15,1,15,56,16,3,41,125,2,4,0,1,2
Michael A. Taylor,MIN,129,388,355,48,78,14,1,21,51,13,1,26,130,7,3,3,1,0
Samad Taylor,KCR,31,69,60,11,12,2,1,0,4,8,0,7,22,1,0,1,1,0
Tyrone Taylor,MIL,81,243,231,36,54,17,1,10,35,9,0,8,55,10,3,0,1,0
Rowdy Tellez*,MIL,105,351,311,26,67,9,1,13,47,0,0,35,86,11,0,0,5,2
José Tena*,CLE,18,34,31,2,7,2,0,0,3,0,0,3,13,0,0,0,0,0
Matt Thaiss*,LAA,95,307,262,32,56,6,0,9,31,2,0,36,83,4,6,0,3,1
Alek Thomas*,ARI,125,402,374,51,86,17,5,9,39,9,1,19,86,5,4,2,3,1
Cody Thomas*,OAK,19,46,42,1,10,3,0,1,2,0,0,4,17,1,0,0,0,0
Lane Thomas,WSN,156,682,628,101,168,36,3,28,86,20,5,36,176,5,11,0,7,0
Bubba Thompson,TEX,37,60,53,10,9,4,1,0,4,4,2,4,16,0,1,1,1,0
Trayce Thompson,TOT,72,179,153,17,25,2,0,6,17,2,0,24,77,1,2,0,0,0
Trayce Thompson,LAD,36,87,71,12,11,0,0,5,14,0,0,15,37,0,1,0,0,0
Trayce Thompson,CHW,36,92,82,5,14,2,0,1,3,2,0,9,40,1,1,0,0,0
Michael Toglia#,COL,45,152,141,18,23,5,0,4,9,1,1,10,50,3,1,0,0,0
Justin Topa,SEA,1,0,0,0,0,0,0,0,0,0,0,0,0,0,0,0,0,0
Spencer Torkelson,DET,159,684,606,88,141,34,1,31,94,3,0,67,171,15,6,0,5,1
Abraham Toro#,MIL,9,21,18,4,8,0,0,2,9,0,0,2,5,0,1,0,0,0
Luis Torrens,TOT,18,30,28,1,7,3,0,0,4,0,0,1,9,0,1,0,0,0
Luis Torrens,CHC,13,22,20,1,5,1,0,0,3,0,0,1,8,0,1,0,0,0
Luis Torrens,SEA,5,8,8,0,2,2,0,0,1,0,0,0,1,0,0,0,0,0
Gleyber Torres,NYY,158,672,596,90,163,28,2,25,68,13,6,67,98,19,3,0,6,0
Ezequiel Tovar,COL,153,615,581,79,147,37,4,15,73,11,5,25,166,10,4,2,3,0
Taylor Trammell*,SEA,22,56,46,7,6,0,0,3,11,0,1,9,22,2,1,0,0,0
Alan Trejo,COL,82,227,207,24,48,11,0,4,26,5,1,16,51,3,1,1,2,0
Jose Trevino,NYY,55,168,157,15,33,4,0,4,15,0,0,8,22,6,2,1,0,0
Jared Triolo,PIT,54,209,181,30,54,9,0,3,21,6,1,24,63,0,3,0,1,0
Chadwick Tromp,ATL,6,16,16,1,2,1,0,0,1,0,0,0,7,0,0,0,0,0
Mike Trout,LAA,82,362,308,54,81,14,1,18,44,2,0,45,104,4,7,0,2,2
Cole Tucker#,COL,5,10,8,2,4,0,0,0,2,0,0,1,2,0,1,0,0,0
Kyle Tucker*,HOU,157,674,574,97,163,37,5,29,112,30,5,80,92,11,3,0,10,9
Brice Turang*,MIL,137,448,404,46,88,9,3,6,34,26,4,38,94,9,1,3,2,1
Justin Turner,BOS,146,626,558,86,154,31,0,23,96,4,1,51,110,10,11,0,6,0
Trea Turner,PHI,155,691,639,102,170,35,5,26,76,30,0,45,150,12,6,0,1,2
Luis Urías,TOT,52,177,144,18,28,6,0,3,18,0,0,21,41,4,10,0,0,0
Luis Urías,MIL,20,68,55,5,8,2,0,1,5,0,0,7,15,1,5,0,0,0
Luis Urías,BOS,32,109,89,13,20,4,0,2,13,0,0,14,26,3,5,0,0,0
Ramón Urías,BAL,116,396,360,45,95,22,3,4,42,3,1,27,101,10,8,0,1,0
Gio Urshela,LAA,62,228,214,22,64,8,1,2,24,3,2,10,36,9,1,0,3,0
Enmanuel Valdez*,BOS,49,149,139,17,37,8,0,6,19,5,1,8,37,4,1,0,0,0
Ildemaro Vargas#,WSN,86,286,262,32,66,13,2,4,31,1,1,19,20,10,1,3,1,0
Miguel Vargas,LAD,81,304,256,36,50,15,4,7,32,3,2,38,61,1,4,1,4,1
Daulton Varsho*,TOR,158,581,527,65,116,23,3,20,61,16,7,45,135,5,4,1,3,0
Andrew Vaughn,CHW,152,615,566,67,146,30,2,21,80,0,0,36,129,15,11,0,2,0
Terrin Vavra*,BAL,27,56,49,9,12,0,0,0,5,1,0,5,12,5,0,2,0,0
Christian Vázquez,MIN,102,355,327,34,73,13,0,6,32,1,0,25,82,11,1,1,1,1
Andrew Velazquez#,LAA,54,94,81,12,14,3,0,2,3,13,3,10,30,1,0,3,0,0
Nelson Velázquez,TOT,53,179,162,35,38,6,0,17,34,0,0,14,51,3,2,0,1,0
Nelson Velázquez,CHC,13,32,29,8,7,2,0,3,6,0,0,3,8,1,0,0,0,0
Nelson Velázquez,KCR,40,147,133,27,31,4,0,14,28,0,0,11,43,2,2,0,1,0
Alex Verdugo*,BOS,142,602,546,81,144,37,5,13,54,5,3,45,93,11,6,0,5,1
Alex Vesia*,LAD,2,0,0,0,0,0,0,0,0,0,0,0,0,0,0,0,0,0
Will Vest,DET,1,0,0,0,0,0,0,0,0,0,0,0,0,0,0,0,0,0
Mark Vientos,NYM,65,233,218,19,46,5,1,9,22,1,0,10,71,5,3,0,2,0
Matt Vierling,DET,134,530,479,63,125,21,5,10,44,6,6,44,112,8,5,1,1,1
David Villar,SFG,46,140,124,15,18,6,0,5,12,1,1,11,45,1,4,0,1,0
Meibrys Viloria*,CLE,10,4,3,0,0,0,0,0,0,0,0,1,0,1,0,0,0,0
Daniel Vogelbach*,NYM,104,319,275,33,64,8,0,13,48,0,0,42,81,6,2,0,0,1
Luke Voit,MIL,22,74,68,5,15,3,0,0,4,2,0,4,27,3,2,0,0,0
Anthony Volpe,NYY,159,601,541,62,113,23,4,21,60,24,5,52,167,10,5,1,2,0
Jason Vosler*,CIN,20,65,62,6,10,2,1,3,10,0,0,3,25,0,0,0,0,0
Joey Votto*,CIN,65,242,208,26,42,6,0,14,38,0,0,27,62,2,7,0,0,0
LaMonte Wade Jr.*,SFG,135,519,429,64,110,14,2,17,45,2,0,76,95,4,6,4,4,3
Tyler Wade*,OAK,26,55,51,8,13,1,1,0,2,4,0,4,13,0,0,0,0,0
Adam Wainwright,STL,2,2,2,0,0,0,0,0,0,0,0,0,1,0,0,0,0,0
Christian Walker,ARI,157,661,582,86,150,36,2,33,103,11,0,62,127,13,8,0,8,3
Jordan Walker,STL,117,465,420,51,116,19,2,16,51,7,4,37,104,9,6,0,2,0
Forrest Wall*,ATL,15,15,13,6,6,2,0,1,2,5,1,2,4,0,0,0,0,0
Chad Wallach,LAA,65,172,157,18,31,5,1,7,15,0,1,13,57,5,0,2,0,0
Matt Wallner*,MIN,76,254,213,42,53,11,1,14,41,2,1,28,80,1,13,0,0,1
Taylor Walls#,TBR,99,349,303,50,61,12,2,8,36,22,1,44,92,1,1,1,0,0
Jared Walsh*,LAA,39,116,104,10,13,4,0,4,11,0,0,11,45,1,1,0,0,0
Taylor Ward,LAA,97,409,356,60,90,18,0,14,47,4,2,39,80,9,8,0,6,0
Drew Waters#,KCR,98,337,302,40,69,11,5,8,32,16,5,27,107,4,5,0,3,0
Austin Wells*,NYY,19,75,70,8,16,6,0,4,13,0,0,3,14,3,0,0,1,0
Joey Wendle*,MIA,112,318,297,33,63,16,3,2,20,7,1,13,67,8,2,3,3,0
Hayden Wesneski,CHC,2,0,0,0,0,0,0,0,0,0,0,0,0,0,0,0,0,0
Jordan Westburg,BAL,68,228,208,26,54,17,2,3,23,4,1,16,56,3,1,0,3,0
Eli White,ATL,6,17,14,1,1,0,0,0,0,0,0,2,7,0,1,0,0,0
Garrett Whitlock,BOS,1,0,0,0,0,0,0,0,0,0,0,0,0,0,0,0,0,0
Joey Wiemer,MIL,132,410,367,48,75,19,0,13,42,11,4,36,116,4,5,0,2,0
Alika Williams,PIT,46,112,101,7,20,5,0,0,6,0,0,9,35,2,1,1,0,0
Luke Williams,TOT,11,19,19,1,1,0,0,0,0,4,0,0,7,0,0,0,0,0
Luke Williams,LAD,4,10,10,0,1,0,0,0,0,1,0,0,3,0,0,0,0,0
Luke Williams,ATL,7,9,9,1,0,0,0,0,0,3,0,0,4,0,0,0,0,0
Weston Wilson,PHI,8,22,16,5,5,0,0,1,2,3,1,6,5,0,0,0,0,0
Jesse Winker*,MIL,61,197,166,16,33,5,0,1,23,0,0,26,51,0,4,0,1,0
Masyn Winn,STL,37,137,122,8,21,2,0,2,12,2,1,10,26,1,0,2,3,0
Patrick Wisdom,CHC,97,302,268,43,55,8,1,23,46,4,2,30,111,4,2,1,1,0
Brett Wisely*,SFG,51,131,120,10,21,5,0,2,8,2,1,9,40,2,0,1,1,0
Bobby Witt Jr.,KCR,158,694,641,97,177,28,11,30,96,49,15,40,121,11,4,1,8,1
Nick Wittgren,KCR,1,0,0,0,0,0,0,0,0,0,0,0,0,0,0,0,0,0
Connor Wong,BOS,126,403,371,55,87,25,2,9,36,8,2,22,134,4,6,3,1,0
Kolten Wong*,TOT,87,250,224,25,41,6,0,4,27,3,2,18,53,1,5,0,3,0
Kolten Wong*,SEA,67,216,194,21,32,6,0,2,19,1,1,16,46,0,4,0,2,0
Kolten Wong*,LAD,20,34,30,4,9,0,0,2,8,2,1,2,7,1,1,0,1,0
Austin Wynns,TOT,51,145,130,11,27,6,0,1,10,1,0,9,39,4,2,3,1,0
Austin Wynns,SFG,1,2,2,0,0,0,0,0,0,0,0,0,2,0,0,0,0,0
Austin Wynns,LAD,5,12,11,0,2,1,0,0,2,0,0,1,5,0,0,0,0,0
Austin Wynns,COL,45,131,117,11,25,5,0,1,8,1,0,8,32,4,2,3,1,0
Ryan Yarbrough,TOT,1,0,0,0,0,0,0,0,0,0,0,0,0,0,0,0,0,0
Ryan Yarbrough,LAD,1,0,0,0,0,0,0,0,0,0,0,0,0,0,0,0,0,0
Mike Yastrzemski*,SFG,106,381,330,54,77,23,1,15,43,2,2,45,99,5,3,2,1,3
Christian Yelich*,MIL,144,632,550,106,153,34,1,19,76,28,3,78,140,15,3,0,1,7
Juan Yepez,STL,28,65,60,5,11,1,0,2,2,0,1,4,20,0,1,0,0,0
Masataka Yoshida*,BOS,140,580,537,71,155,33,3,15,72,8,0,34,81,20,7,0,2,0
Alex Young*,CIN,2,0,0,0,0,0,0,0,0,0,0,0,0,0,0,0,0,0
Jacob Young,WSN,33,121,107,9,27,7,1,0,12,13,0,10,22,2,1,3,0,0
Jared Young*,CHC,16,47,43,8,8,0,3,2,8,2,0,3,13,1,1,0,0,0
Seby Zavala,TOT,73,193,175,17,30,4,0,7,18,1,0,12,70,4,2,2,2,0
Seby Zavala,CHW,66,176,161,15,25,3,0,7,16,1,0,10,68,4,1,2,2,0
Seby Zavala,ARI,7,17,14,2,5,1,0,0,2,0,0,2,2,0,1,0,0,0
Mike Zunino,CLE,42,140,124,11,22,7,0,3,11,0,0,15,61,3,1,0,0,0
